Address,Measurement,-,_,(FY 2009) 7/1/2008,Aug-08,Sep-08,Oct-08,Nov-08,Dec-08,Jan-09,Feb-09,Mar-09,Apr-09,May-09,Jun-09,(FY 2010)7/1/2009,Aug-09,Sep-09,Oct-09,Nov-09,Dec-09,Jan-10,Feb-10,Mar-10,Apr-10,May-10,Jun-10,(FY 2011)7/1/2010,Aug-10,Sep-10,Oct-10,Nov-10,Dec-10,Jan-11,Feb-11,Mar-11,Apr-11,May-11,Jun-11,(FY 2012)7/1/2011,Aug-11,Sep-11,Oct-11,Nov-11,Dec-11,Jan-12,Feb-12,Mar-12,Apr-12,May-12,Jun-12
"512 West 212th St [Shorac Kappock School]
",Electricity Demand (KW),$144.00,$68.00,$148.00,$158.00,$166.00,$180.00,$168.00,$166.00,$166.00,$162.00,$142.00,$146.00,$146.00,$90.00,$148.00,$152.00,$170.00,$178.00,$184.00,$190.00,$188.00,$172.00,$158.00,$154.00,$136.00,$64.00,$140.00,$156.00,$166.00,$178.00,$178.00,$178.00,$172.00,$164.00,$154.00,$170.00,$156.00,$82.00,$58.00,$168.00,$164.00,$162.00,$166.00,$160.00,$156.00,$146.00,$146.00,$156.00,,
"512 West 212th St [Shorac Kappock School]
",Electricity Usage (KWH),$30400.00,$31000.00,$46200.00,$45200.00,$51800.00,$58400.00,$56600.00,$52200.00,$55200.00,$44200.00,$48600.00,$47400.00,$34200.00,$30600.00,$44800.00,$52400.00,$54200.00,$63200.00,$60800.00,$63200.00,$58000.00,$48200.00,$50800.00,$52200.00,$33000.00,$28600.00,$42600.00,$52800.00,$53800.00,$65200.00,$55600.00,$59600.00,$58000.00,$48200.00,$49600.00,$52000.00,$31400.00,$20600.00,$9800.00,$91600.00,$58800.00,$53400.00,$57600.00,$58600.00,$50400.00,$43800.00,$47400.00,$53600.00,,
"512 West 212th St [Shorac Kappock School]
",Gas (Therms),$109.00,$112.00,$305.00,$2298.00,$7666.00,$13710.00,$16197.00,$12846.00,$10322.00,$4660.00,$1138.00,$348.00,$150.00,$112.00,$243.00,$2835.00,$5873.00,$14903.00,$15662.00,$16322.00,$8197.00,$2966.00,$1298.00,$275.00,$106.00,$93.00,$193.00,$1645.00,$6448.00,$16825.00,$16787.00,$14045.00,$10629.00,$5373.00,$831.00,$339.00,$124.00,$115.00,$273.00,$778.00,$6037.00,$8103.00,$13972.00,$12298.00,$6866.00,$3781.00,$1410.00,$302.00,,
"512 West 212th St [Shorac Kappock School]
",Total Usage (mmBTUs),$114.65,$117.00,$188.18,$384.07,$943.39,$1570.32,$1812.87,$1462.76,$1220.60,$616.85,$279.67,$196.57,$131.72,$115.64,$177.20,$462.34,$772.28,$1706.00,$1773.71,$1847.90,$1017.65,$461.11,$303.18,$205.66,$123.23,$106.91,$164.69,$344.70,$828.42,$1905.03,$1868.46,$1607.91,$1260.85,$701.81,$252.38,$211.37,$119.57,$81.81,$60.75,$390.43,$804.38,$992.55,$1593.79,$1429.80,$858.61,$527.59,$302.77,$213.14,,
"232 East 103rd St [Roberto Clemente School]
",Electricity Demand (KW),$123.20,$150.40,$150.40,$124.80,$136.00,$144.00,$144.00,$144.00,$142.40,$142.40,$145.60,$140.80,$128.00,$134.40,$148.80,$128.00,$128.00,$128.00,$126.40,$126.40,$124.80,$121.60,$140.80,$160.00,$153.60,$139.20,$156.80,$148.80,$134.40,$134.40,$134.40,$134.40,$129.60,$131.20,$124.80,$182.40,$171.20,$145.60,$174.40,$169.60,$139.20,$132.80,$132.80,$132.80,$128.00,$158.40,$134.40,$187.20,,
"232 East 103rd St [Roberto Clemente School]
",Electricity Usage (KWH),$53920.00,$58560.00,$56640.00,$48640.00,$54560.00,$61440.00,$61600.00,$60640.00,$60800.00,$51200.00,$48160.00,$45280.00,$52000.00,$57280.00,$52160.00,$52320.00,$47040.00,$57440.00,$48800.00,$52000.00,$44160.00,$38720.00,$39200.00,$48160.00,$53280.00,$50240.00,$45440.00,$46080.00,$42080.00,$48800.00,$41600.00,$44640.00,$40800.00,$37600.00,$40160.00,$53920.00,$48320.00,$54560.00,$54560.00,$44640.00,$46400.00,$42080.00,$40640.00,$43680.00,$42560.00,$38240.00,$42880.00,$52640.00,,
"232 East 103rd St [Roberto Clemente School]
",Gas (Therms),$0.00,$60.00,$13.00,$1041.00,$4676.00,$8096.00,$5772.00,$2498.00,$288.00,$196.00,$270.00,$237.00,$275.00,$114.00,$97.00,$1385.00,$4321.00,$3213.00,$5039.00,$4934.00,$1640.00,$1264.00,$549.00,$141.00,$97.00,$81.00,$85.00,$996.00,$3815.00,$5378.00,$7478.00,$9848.00,$7440.00,$4097.00,$1691.00,$174.00,$148.00,$58.00,$98.00,$456.00,$2975.00,$4647.00,$6640.00,$7107.00,$4391.00,$3673.00,$1584.00,$106.00,,
"232 East 103rd St [Roberto Clemente School]
",Total Usage (mmBTUs),$184.03,$205.86,$194.61,$270.11,$653.81,$1019.29,$787.44,$456.76,$236.31,$194.34,$191.37,$178.24,$204.97,$206.89,$187.72,$317.07,$592.65,$517.34,$670.45,$670.87,$314.72,$258.55,$188.69,$178.47,$191.54,$179.57,$163.59,$256.87,$525.12,$704.35,$889.78,$1137.15,$883.25,$538.03,$306.16,$201.43,$179.71,$192.01,$196.01,$197.95,$455.86,$608.32,$802.70,$859.78,$584.36,$497.81,$304.75,$190.26,,
"549 Audubon Ave [George Washington High School?]
",Electricity Demand (KW),$576.00,$552.00,$700.00,$708.00,$584.00,$676.00,$676.00,$636.00,$660.00,$524.00,$600.00,$580.00,$500.00,$528.00,$636.00,$656.00,$648.00,$664.00,$648.00,$712.00,$712.00,$576.00,$616.00,$700.00,$668.00,$520.00,$652.00,$604.00,$628.00,$708.00,$708.00,$708.00,$664.00,$632.00,$696.00,$808.00,$608.00,$532.00,$628.00,$708.00,$616.00,$620.00,$704.00,$632.00,$608.00,$620.00,$656.00,$664.00,,
"549 Audubon Ave [George Washington High School?]
",Electricity Usage (KWH),$242400.00,$277600.00,$236000.00,$204000.00,$234000.00,$298000.00,$298800.00,$267200.00,$257600.00,$189600.00,$210000.00,$209600.00,$224400.00,$210800.00,$217200.00,$242400.00,$236000.00,$302000.00,$294000.00,$297200.00,$262000.00,$185200.00,$188000.00,$223200.00,$232400.00,$191600.00,$175200.00,$192800.00,$207600.00,$318400.00,$271600.00,$292400.00,$239200.00,$176800.00,$172800.00,$244400.00,$222000.00,$192400.00,$204400.00,$177200.00,$216400.00,$217200.00,$257200.00,$222400.00,$197200.00,$158800.00,$167600.00,$205600.00,,
"549 Audubon Ave [George Washington High School?]
",Gas (Therms),$78.00,$54.00,$151.00,$190.00,$476.00,$602.00,$430.00,$490.00,$455.00,$351.00,$318.00,$144.00,$47.00,$34.00,$106.00,$178.00,$265.00,$536.00,$572.00,$517.00,$466.00,$326.00,$282.00,$109.00,$35.00,$35.00,$106.00,$154.00,$324.00,$537.00,$573.00,$427.00,$451.00,$387.00,$81.00,$53.00,$128.00,$87.00,$77.00,$107.00,$186.00,$248.00,$433.00,$521.00,$340.00,$338.00,$292.00,$121.00,,
"549 Audubon Ave [George Washington High School?]
",Total Usage (mmBTUs),$835.10,$952.84,$820.56,$715.25,$846.23,$1077.27,$1062.80,$960.95,$924.68,$682.20,$748.52,$729.76,$770.57,$722.85,$751.90,$845.10,$831.96,$1084.32,$1060.61,$1066.03,$940.80,$664.68,$669.84,$772.67,$796.67,$657.43,$608.55,$673.42,$740.93,$1140.39,$984.26,$1040.65,$861.48,$642.11,$597.86,$839.43,$770.48,$665.36,$705.31,$615.48,$757.17,$766.10,$921.12,$811.14,$707.04,$575.78,$601.21,$713.81,,
"111 East 33rd St [Norman Thomas High School]
",Electricity Demand (KW),$848.00,$804.00,$948.00,$844.00,$636.00,$644.00,$656.00,$640.00,$644.00,$728.00,$864.00,$860.00,$868.00,$804.00,$796.00,$848.00,$664.00,$644.00,$644.00,$636.00,$656.00,$668.00,$800.00,$944.00,$944.00,$840.80,$834.40,$928.00,$633.60,$633.60,$633.60,$620.00,$630.40,$634.40,$708.80,$881.60,$853.60,$786.40,$868.80,$890.40,$644.00,$635.20,$629.60,$636.00,$640.80,$756.00,$764.00,$811.20,,
"111 East 33rd St [Norman Thomas High School]
",Electricity Usage (KWH),$324000.00,$304800.00,$350400.00,$247200.00,$264000.00,$290400.00,$274800.00,$266400.00,$272400.00,$230400.00,$282000.00,$298800.00,$296400.00,$325200.00,$296400.00,$273600.00,$292800.00,$261600.00,$256800.00,$274800.00,$261600.00,$236400.00,$259200.00,$334800.00,$341200.00,$306400.00,$259200.00,$284800.00,$279200.00,$288800.00,$299200.00,$283200.00,$268000.00,$255200.00,$248000.00,$324000.00,$336000.00,$299200.00,$307200.00,$275200.00,$288800.00,$282400.00,$294400.00,$274400.00,$268800.00,$248800.00,$270400.00,$312800.00,,
"111 East 33rd St [Norman Thomas High School]
",Gas (Therms),$0.00,$0.00,$0.00,$0.00,$0.00,$0.00,$0.00,$0.00,$0.00,$0.00,$0.00,$0.00,$0.00,$0.00,$0.00,$0.00,$0.00,$0.00,$0.00,$0.00,$0.00,$0.00,$0.00,$0.00,$0.00,$0.00,$0.00,$0.00,$0.00,$0.00,$0.00,$0.00,$0.00,$0.00,$0.00,$0.00,$0.00,$0.00,$0.00,$0.00,$0.00,$0.00,$0.00,$0.00,$0.00,$0.00,$0.00,$0.00,,
"111 East 33rd St [Norman Thomas High School]
",Steam (mlbs),$2876.00,$2314.00,$2446.00,$663.00,$1257.00,$1472.00,$2030.00,$1602.00,$1580.00,$1024.00,$366.00,$1569.00,$1924.00,$2433.00,$1132.00,$716.00,$907.00,$1497.00,$1747.00,$1697.00,$1276.00,$418.00,$743.00,$2061.00,$2129.00,$2122.00,$1566.00,$809.00,$1064.00,$1828.00,$2027.00,$1642.00,$1480.00,$760.00,$574.00,$2187.00,$1987.00,$2431.00,$1582.00,$487.00,$849.00,$1120.00,$1671.00,$1447.00,$934.00,$829.00,$716.00,$1604.00,,
"111 East 33rd St [Norman Thomas High School]
",Total Usage (mmBTUs),$4318.81,$3625.43,$3928.53,$1584.38,$2305.32,$2635.62,$3205.76,$2698.94,$2694.84,$1930.34,$1371.35,$2772.65,$3161.06,$3828.00,$2276.25,$1733.69,$2012.60,$2565.25,$2828.16,$2833.74,$2318.35,$1273.81,$1714.71,$3445.17,$3542.98,$3416.39,$2634.15,$1875.81,$2141.58,$3027.87,$3285.68,$2800.96,$2568.10,$1720.05,$1487.68,$3549.07,$3366.59,$3737.03,$2815.84,$1483.32,$1934.15,$2215.06,$2871.59,$2553.08,$1960.85,$1775.29,$1722.77,$2859.53,,
"411 Pearl St [Murry Bergtraum High School]
",Electricity Demand (KW),$876.00,$876.00,$812.00,$872.00,$740.00,$752.00,$756.00,$772.00,$768.00,$828.00,$880.00,$844.00,$808.00,$869.00,$868.00,$824.00,$728.00,$720.00,$712.00,$696.00,$720.00,$836.00,$844.00,$844.00,$797.28,$722.40,$816.48,$878.40,$877.92,$701.76,$752.64,$752.64,$752.64,$734.88,$867.84,$852.00,$750.24,$706.08,$882.72,$851.52,$687.36,$676.80,$690.24,$682.08,$682.08,$675.36,$912.00,$993.12,,
"411 Pearl St [Murry Bergtraum High School]
",Electricity Usage (KWH),$385200.00,$279600.00,$358800.00,$344400.00,$368400.00,$368400.00,$370800.00,$354000.00,$360000.00,$302400.00,$355200.00,$367200.00,$290400.00,$322800.00,$338400.00,$361200.00,$346800.00,$397200.00,$357600.00,$351600.00,$386400.00,$322800.00,$384000.00,$367200.00,$460000.00,$381600.00,$424000.00,$387200.00,$388800.00,$397600.00,$403200.00,$431200.00,$433600.00,$384800.00,$392000.00,$431200.00,$373600.00,$376000.00,$379200.00,$377600.00,$399200.00,$380000.00,$375200.00,$404000.00,$361600.00,$347200.00,$402400.00,$564000.00,,
"411 Pearl St [Murry Bergtraum High School]
",Gas (Therms),$3.00,$3.00,$72.00,$84.00,$98.00,$104.00,$87.00,$84.00,$109.00,$84.00,$123.00,$74.00,$3.00,$35.00,$32.00,$101.00,$88.00,$102.00,$80.00,$68.00,$98.00,$79.00,$116.00,$73.00,$3.00,$2.00,$60.00,$107.00,$99.00,$102.00,$80.00,$73.00,$102.00,$74.00,$105.00,$60.00,$5.00,$3.00,$58.00,$91.00,$86.00,$85.00,$81.00,$91.00,$108.00,$80.00,$105.00,$91.00,,
"411 Pearl St [Murry Bergtraum High School]
",Steam (mlbs),$4681.00,$3472.00,$3652.00,$1074.00,$1389.00,$2338.00,$2885.00,$2174.00,$2111.00,$1348.00,$1892.00,$3191.00,$3243.00,$3662.00,$2814.00,$1316.00,$1009.00,$2723.00,$2844.00,$3007.00,$1736.00,$1592.00,$2252.00,$3963.00,$4670.00,$2726.00,$872.00,$3949.00,$1670.00,$2848.00,$3414.00,$2628.00,$2467.00,$824.00,$1117.00,$3134.00,$2931.00,$3552.00,$2269.00,$838.00,$1253.00,$1827.00,$2651.00,$2060.00,$1182.00,$758.00,$356.00,$0.00,,
"411 Pearl St [Murry Bergtraum High School]
",Total Usage (mmBTUs),$6544.50,$4833.42,$5311.71,$2383.68,$2818.90,$3879.70,$4497.29,$3645.34,$3597.94,$2546.44,$3338.29,$4825.56,$4614.44,$5196.32,$4301.89,$2713.07,$2319.65,$4407.91,$4405.74,$4566.16,$3268.00,$2888.16,$3838.07,$5687.93,$6787.50,$4348.02,$2427.28,$5743.95,$3202.55,$4548.93,$5198.16,$4414.92,$4246.15,$2241.27,$2596.27,$4978.91,$4550.04,$5251.80,$3834.88,$2234.03,$2770.88,$3346.52,$4250.29,$3689.33,$2565.44,$2039.81,$1781.60,$1934.02,,
"100 Trinity Pl [High School of Economics &amp; Finance]
",Electricity Demand (KW),$336.00,$300.00,$368.00,$348.00,$252.00,$244.00,$244.00,$236.00,$244.00,$308.00,$344.00,$328.00,$296.00,$308.00,$328.00,$308.00,$240.00,$244.00,$240.00,$236.00,$236.00,$312.00,$328.00,$328.00,$328.00,$292.00,$320.00,$328.00,$320.00,$240.00,$240.00,$240.00,$240.00,$232.00,$320.00,$340.00,$316.00,$312.00,$336.00,$340.00,$240.00,$232.00,$236.00,$244.00,$220.00,$228.00,$316.00,$332.00,,
"100 Trinity Pl [High School of Economics &amp; Finance]
",Electricity Usage (KWH),$141600.00,$111200.00,$127200.00,$100400.00,$97600.00,$97200.00,$97200.00,$84400.00,$89200.00,$83200.00,$98800.00,$99200.00,$99600.00,$100000.00,$101200.00,$90800.00,$83200.00,$96400.00,$90800.00,$94400.00,$82000.00,$74800.00,$88800.00,$102800.00,$111200.00,$93600.00,$91600.00,$88800.00,$77200.00,$100800.00,$86000.00,$92000.00,$92400.00,$82800.00,$109200.00,$120800.00,$97600.00,$95200.00,$106800.00,$96000.00,$113600.00,$110800.00,$108000.00,$95200.00,$57200.00,$101200.00,$114000.00,$130800.00,,
"100 Trinity Pl [High School of Economics &amp; Finance]
",Gas (Therms),$1.00,$0.00,$58.00,$67.00,$64.00,$67.00,$46.00,$55.00,$67.00,$56.00,$76.00,$49.00,$22.00,$20.00,$50.00,$66.00,$63.00,$68.00,$55.00,$54.00,$67.00,$54.00,$66.00,$51.00,$3.00,$0.00,$41.00,$64.00,$65.00,$68.00,$56.00,$62.00,$61.00,$71.00,$44.00,$49.00,$11.00,$7.00,$59.00,$60.00,$64.00,$63.00,$53.00,$56.00,$63.00,$51.00,$64.00,$47.00,,
,,,,,,,,,,,,,,,,,,,,,,,,,,,,,,,,,,,,,,,,,,,,,,,,,,,
,,,,,,,,,,,,,,,,,,,,,,,,,,,,,,,,,,,,,,,,,,,,,,,,,,,
"100 Trinity Pl [High School of Economics &amp; Finance]
",Steam (mlbs),$968.00,$562.00,$596.00,$108.00,$146.00,$641.00,$925.00,$622.00,$689.00,$483.00,$435.00,$0.00,$904.00,$1267.00,$374.00,$175.00,$227.00,$626.00,$689.00,$758.00,$474.00,$146.00,$640.00,$0.00,$1367.00,$1297.00,$1243.00,$307.00,$363.00,$630.00,$825.00,$679.00,$463.00,$224.00,$320.00,$1282.00,$1040.00,$658.00,$641.00,$164.00,$497.00,$676.00,$830.00,$716.00,$512.00,$519.00,$688.00,$766.00,,
"100 Trinity Pl [High School of Economics &amp; Finance]
",Total Usage (mmBTUs),$1564.81,$1007.38,$1105.77,$470.02,$502.61,$1054.55,$1369.73,$988.44,$1080.87,$829.16,$830.77,$343.47,$1352.06,$1758.76,$768.22,$512.00,$543.86,$1035.16,$1085.13,$1174.41,$816.11,$423.80,$1024.67,$355.95,$1907.01,$1768.44,$1705.38,$652.45,$675.52,$1054.65,$1220.79,$1078.76,$838.71,$539.94,$734.59,$1849.41,$1496.07,$1060.72,$1086.52,$516.86,$949.35,$1139.67,$1301.16,$1130.42,$773.52,$930.31,$1164.10,$1306.88,,
"90 Trinity Pl [High School for Leadership in Public Services]
",Electricity Demand (KW),$43.20,$44.80,$52.80,$51.20,$43.20,$46.40,$46.40,$43.20,$46.40,$46.40,$52.80,$54.40,$43.20,$46.40,$54.40,$52.80,$44.80,$44.80,$43.20,$41.60,$43.20,$49.60,$51.20,$52.80,$43.20,$41.60,$52.80,$51.20,$49.60,$43.20,$43.20,$43.20,$43.20,$52.80,$52.80,$51.20,$41.60,$38.40,$48.00,$48.00,$48.00,$44.80,$41.60,$41.60,$38.40,$40.00,$51.20,$52.80,,
"90 Trinity Pl [High School for Leadership in Public Services]
",Electricity Usage (KWH),$21120.00,$21600.00,$23200.00,$20480.00,$21600.00,$22880.00,$23040.00,$21280.00,$22240.00,$20480.00,$22080.00,$22720.00,$22880.00,$19680.00,$23680.00,$23040.00,$20480.00,$23200.00,$20160.00,$17440.00,$19520.00,$18400.00,$20000.00,$21920.00,$20960.00,$20800.00,$21760.00,$21600.00,$18400.00,$21920.00,$18720.00,$20160.00,$18880.00,$18880.00,$19680.00,$21920.00,$18240.00,$17280.00,$20480.00,$19360.00,$20960.00,$20000.00,$18400.00,$20480.00,$13280.00,$16320.00,$19680.00,$23840.00,,
"90 Trinity Pl [High School for Leadership in Public Services]
",Gas (Therms),$4.00,$0.00,$54.00,$61.00,$62.00,$51.00,$70.00,$43.00,$66.00,$48.00,$70.00,$41.00,$13.00,$12.00,$39.00,$52.00,$35.00,$31.00,$33.00,$25.00,$35.00,$31.00,$43.00,$26.00,$3.00,$2.00,$20.00,$41.00,$40.00,$32.00,$34.00,$40.00,$38.00,$32.00,$44.00,$24.00,$2.00,$3.00,$28.00,$42.00,$36.00,$42.00,$31.00,$36.00,$43.00,$29.00,$44.00,$23.00,,
"90 Trinity Pl [High School for Leadership in Public Services]
",Gas Cost ($),$21.00,$15.03,$105.89,$127.17,$140.60,$108.31,$150.63,$90.94,$135.52,$87.39,$115.60,$73.17,$38.83,$34.95,$71.24,$89.87,$69.32,$67.91,$72.39,$59.43,$69.94,$61.75,$79.56,$55.73,$25.44,$22.56,$49.16,$84.17,$76.61,$69.85,$70.22,$81.42,$73.85,$65.23,$81.27,$55.10,$26.07,$26.00,$59.74,$77.85,$73.72,$79.48,$64.64,$71.14,$77.63,$57.08,$70.63,$52.08,,
"90 Trinity Pl [High School for Leadership in Public Services]
",Steam (mlbs),$1680.00,$1213.00,$1165.00,$253.00,$399.00,$630.00,$649.00,$529.00,$590.00,$469.00,$460.00,$1410.00,$160.00,$160.00,$160.00,$160.00,$162.00,$644.00,$715.00,$635.00,$490.00,$505.00,$770.00,$1340.00,$1136.00,$1159.00,$1023.00,$353.00,$533.00,$700.00,$926.00,$666.00,$571.00,$355.00,$522.00,$1196.00,$1124.00,$1308.00,$1154.00,$413.00,$281.00,$362.00,$612.00,$504.00,$323.00,$362.00,$641.00,$909.00,,
"90 Trinity Pl [High School for Leadership in Public Services]
",Total Usage (mmBTUs),$1949.34,$1428.86,$1386.10,$358.64,$525.67,$787.01,$810.68,$667.92,$741.64,$598.66,$596.26,$1656.87,$258.14,$247.12,$263.47,$262.58,$254.38,$801.74,$870.89,$771.43,$617.54,$630.07,$932.79,$1574.43,$1340.95,$1366.00,$1219.14,$472.18,$662.26,$860.04,$1101.80,$816.85,$706.15,$464.24,$654.74,$1413.36,$1318.16,$1520.55,$1361.92,$531.67,$389.06,$476.88,$749.61,$636.56,$410.47,$463.02,$787.68,$1099.18,,
"1020 Anderson Ave [P.S.73X]
",Electricity Demand (KW),$180.80,$115.20,$174.40,$147.20,$126.40,$140.80,$140.80,$142.40,$142.40,$155.20,$169.60,$169.60,$169.60,$136.00,$179.20,$147.20,$145.60,$144.00,$144.00,$147.20,$139.20,$160.00,$185.60,$196.80,$200.00,$200.00,$172.80,$177.60,$148.80,$145.60,$145.60,$145.60,$136.00,$136.00,$150.40,$180.80,$180.80,$147.20,$180.80,$169.60,$131.20,$134.40,$140.80,$137.60,$137.60,$136.00,$150.40,$180.80,,
"1020 Anderson Ave [P.S.73X]
",Electricity Usage (KWH),$55040.00,$48960.00,$48320.00,$46080.00,$45600.00,$47840.00,$47840.00,$42880.00,$49120.00,$39520.00,$51200.00,$47680.00,$54720.00,$58400.00,$49440.00,$51520.00,$48480.00,$53920.00,$47200.00,$48960.00,$47680.00,$43840.00,$47360.00,$63840.00,$68800.00,$60480.00,$56320.00,$57120.00,$48960.00,$56800.00,$48480.00,$52160.00,$49440.00,$45440.00,$47360.00,$55040.00,$50720.00,$44320.00,$52960.00,$45440.00,$48320.00,$45120.00,$42240.00,$45760.00,$44800.00,$45440.00,$47360.00,$55040.00,,
"1020 Anderson Ave [P.S.73X]
",Gas (Therms),$154.00,$172.00,$254.00,$480.00,$1023.00,$1606.00,$1720.00,$1479.00,$1584.00,$801.00,$259.00,$247.00,$279.00,$41.00,$87.00,$492.00,$841.00,$1708.00,$1929.00,$1990.00,$1105.00,$499.00,$503.00,$321.00,$164.00,$143.00,$246.00,$275.00,$526.00,$2010.00,$1961.00,$689.00,$1257.00,$870.00,$402.00,$279.00,$95.00,$108.00,$209.00,$298.00,$597.00,$1003.00,$1035.00,$1022.00,$753.00,$499.00,$402.00,$199.00,,
"1020 Anderson Ave [P.S.73X]
",Total Usage (mmBTUs),$203.25,$184.30,$190.31,$205.27,$257.93,$323.88,$335.28,$294.25,$326.05,$214.98,$200.64,$187.43,$214.66,$203.42,$177.44,$225.04,$249.56,$354.83,$353.99,$366.10,$273.23,$199.52,$211.94,$249.98,$251.21,$220.72,$216.82,$222.45,$219.70,$394.86,$361.56,$246.92,$294.44,$242.09,$201.84,$215.75,$182.61,$162.06,$201.65,$184.89,$224.61,$254.29,$247.66,$258.38,$228.20,$204.99,$201.84,$207.75,,
"120 East 184th St [Middle School 399]
",Electricity Demand (KW),$22.00,$22.00,$214.00,$214.00,$214.00,$214.00,$214.00,$200.00,$200.00,$200.10,$200.00,$200.00,$200.00,$200.00,$200.00,$200.00,$200.00,$200.00,$200.00,$196.10,$200.10,$200.10,$246.00,$226.00,$186.00,$154.00,$226.00,$252.00,$252.00,$224.00,$224.00,$224.00,$224.00,$224.00,$224.00,$224.00,$220.00,$220.00,$220.00,$220.00,$220.00,$220.00,$220.00,$220.00,$220.00,$220.00,$224.00,$224.00,,
"120 East 184th St [Middle School 399]
",Electricity Usage (KWH),$63120.00,$65160.00,$62880.00,$65160.00,$65160.00,$69360.00,$69360.00,$63720.00,$71160.00,$69360.00,$72240.00,$62640.00,$84720.00,$68640.00,$70800.00,$78360.00,$68640.00,$83160.00,$72240.00,$67680.00,$66360.00,$66360.00,$116760.00,$124800.00,$20040.00,$64560.00,$70440.00,$99480.00,$87360.00,$93720.00,$82920.00,$87960.00,$80040.00,$80040.00,$80040.00,$93720.00,$66960.00,$64560.00,$71400.00,$66960.00,$73560.00,$66840.00,$66960.00,$71400.00,$64800.00,$64560.00,$80040.00,$43200.00,,
"120 East 184th St [Middle School 399]
",Gas (Therms),$5.00,$2.00,$2.00,$3.00,$3.00,$4.00,$7.00,$6.00,$3.00,$4.00,$5.00,$2.00,$1.00,$1.00,$1.00,$4.00,$6.00,$4.00,$5.00,$7.00,$7.00,$5.00,$3.00,$3.00,$2.00,$0.00,$1306.00,$4539.00,$7081.00,$6340.00,$5407.00,$13678.00,$12008.00,$11975.00,$4145.00,$2123.00,$1842.00,$1781.00,$1956.00,$4593.00,$6376.00,$7134.00,$7141.00,$7619.00,$6877.00,$4479.00,$2063.00,$2313.00,,
"120 East 184th St [Middle School 399]
",Gas Cost ($),$23.03,$17.65,$16.90,$23.61,$20.70,$27.48,$38.22,$29.53,$25.50,$24.70,$26.48,$21.79,$23.51,$21.43,$22.10,$26.28,$27.73,$20.17,$28.06,$36.94,$36.11,$24.04,$14.81,$23.62,$24.58,$16.70,$1792.60,$5620.36,$8748.75,$7117.74,$6267.27,$16395.87,$13541.64,$13043.18,$5263.27,$2584.74,$2260.46,$2192.22,$2357.54,$5436.07,$6976.36,$8629.02,$7835.61,$8425.18,$8419.43,$4533.17,$1952.59,$2237.24,,
"120 East 184th St [Middle School 399]
",Total Usage (mmBTUs),$215.93,$222.59,$214.81,$222.69,$222.69,$237.12,$237.42,$218.07,$243.17,$237.12,$247.05,$213.99,$289.25,$234.37,$241.74,$267.84,$234.87,$284.22,$247.05,$231.69,$227.18,$226.98,$398.80,$426.24,$68.60,$220.34,$371.01,$793.42,$1006.26,$953.86,$823.70,$1668.00,$1473.97,$1470.67,$687.67,$532.16,$412.73,$398.44,$439.29,$687.83,$888.66,$941.52,$942.63,$1005.59,$908.86,$668.24,$479.47,$378.74,,
"500 East Fordham Rd [Theodore Roosevelt High School]
",Electricity Demand (KW),$376.00,$208.00,$408.00,$432.00,$448.00,$456.00,$432.00,$424.00,$432.00,$416.00,$432.00,$400.00,$360.00,$288.00,$416.00,$416.00,$400.00,$392.00,$392.00,$400.00,$392.00,$392.00,$400.00,$432.00,$368.00,$312.00,$440.00,$456.00,$416.00,$392.00,$392.00,$392.00,$384.00,$376.00,$408.00,$488.00,$392.00,$304.00,$464.00,$464.00,$384.00,$392.00,$392.00,$392.00,$384.00,$400.00,$440.00,$544.00,,
"500 East Fordham Rd [Theodore Roosevelt High School]
",Electricity Usage (KWH),$116800.00,$107200.00,$164800.00,$156800.00,$171200.00,$201600.00,$190400.00,$167200.00,$168000.00,$151200.00,$161600.00,$158400.00,$133600.00,$122400.00,$148800.00,$165600.00,$152000.00,$167200.00,$156000.00,$182400.00,$137600.00,$133600.00,$144000.00,$162400.00,$144800.00,$124000.00,$136000.00,$164000.00,$184000.00,$167200.00,$156000.00,$113600.00,$128000.00,$125600.00,$137600.00,$165600.00,$136800.00,$119200.00,$144800.00,$160800.00,$140800.00,$159200.00,$151200.00,$136000.00,$140000.00,$126400.00,$138400.00,$159200.00,,
"500 East Fordham Rd [Theodore Roosevelt High School]
",Gas (Therms),$75.00,$68.00,$206.00,$231.00,$233.00,$246.00,$196.00,$210.00,$234.00,$176.00,$273.00,$216.00,$117.00,$72.00,$159.00,$259.00,$269.00,$267.00,$222.00,$208.00,$216.00,$202.00,$255.00,$210.00,$118.00,$102.00,$179.00,$245.00,$239.00,$267.00,$222.00,$176.00,$221.00,$202.00,$256.00,$176.00,$66.00,$53.00,$151.00,$232.00,$236.00,$269.00,$216.00,$190.00,$247.00,$189.00,$242.00,$214.00,,
"500 East Fordham Rd [Theodore Roosevelt High School]
",Total Usage (mmBTUs),$406.13,$372.67,$583.06,$558.25,$607.60,$712.65,$669.43,$591.65,$596.78,$533.64,$578.84,$562.21,$467.67,$424.95,$523.75,$591.09,$545.67,$597.35,$554.62,$643.33,$491.22,$476.17,$516.97,$575.27,$506.00,$433.41,$482.06,$584.23,$651.89,$597.35,$554.62,$405.31,$458.96,$448.87,$495.22,$582.79,$473.49,$412.13,$509.30,$572.01,$504.15,$570.24,$537.64,$483.16,$502.52,$450.30,$496.56,$564.74,,
"200 City Island Ave [The City Island School]
",Electricity Demand (KW),$231.20,$211.20,$255.20,$227.20,$154.40,$181.60,$184.80,$180.80,$169.60,$204.00,$251.20,$237.60,$220.80,$225.60,$249.60,$244.80,$176.00,$176.00,$172.80,$175.20,$168.00,$173.60,$252.80,$284.00,$284.80,$200.80,$218.40,$216.80,$183.20,$157.60,$157.60,$154.40,$145.60,$140.80,$144.80,$220.00,$211.20,$164.80,$202.40,$197.60,$146.40,$160.80,$158.40,$130.40,$122.40,$191.20,$188.00,$256.00,,
"200 City Island Ave [The City Island School]
",Electricity Usage (KWH),$55520.00,$47360.00,$69440.00,$57520.00,$54080.00,$66320.00,$74320.00,$57680.00,$57440.00,$50560.00,$63680.00,$66640.00,$69040.00,$57120.00,$58640.00,$51280.00,$56080.00,$59920.00,$53760.00,$56160.00,$46480.00,$48880.00,$53600.00,$80000.00,$60080.00,$45440.00,$58800.00,$49760.00,$45920.00,$56880.00,$48560.00,$52720.00,$50080.00,$42320.00,$47200.00,$70160.00,$57520.00,$54400.00,$85120.00,$53120.00,$54000.00,$60480.00,$50240.00,$46800.00,$39840.00,$38880.00,$47120.00,$65680.00,,
"200 City Island Ave [The City Island School]
",Gas (Therms),$0.00,$0.00,$1.00,$0.00,$1.00,$1.00,$1.00,$0.00,$2.00,$0.00,$1.00,$0.00,$0.00,$0.00,$1.00,$0.00,$1.00,$1.00,$2.00,$0.00,$2.00,$0.00,$0.00,$1.00,$0.00,$0.00,$0.00,$1.00,$0.00,$1.00,$1.00,$2.00,$1.00,$0.00,$1.00,$0.00,$0.00,$0.00,$0.00,$0.00,$1.00,$0.00,$1.00,$0.00,$0.00,$1.00,$0.00,$0.00,,
"200 City Island Ave [The City Island School]
",Total Usage (mmBTUs),$189.49,$161.64,$237.10,$196.31,$184.67,$226.45,$253.75,$196.86,$196.24,$172.56,$217.44,$227.44,$235.63,$194.95,$200.24,$175.02,$191.50,$204.61,$183.68,$191.67,$158.83,$166.83,$182.94,$273.14,$205.05,$155.09,$200.68,$169.93,$156.72,$194.23,$165.83,$180.13,$171.02,$144.44,$161.19,$239.45,$196.31,$185.67,$290.51,$181.30,$184.40,$206.42,$171.57,$159.73,$135.97,$132.80,$160.82,$224.16,,
"2195 Andrews Ave [Institute for Environmental Learning]
",Electricity Demand (KW),$744.00,$672.00,$744.00,$672.00,$416.00,$416.00,$416.00,$408.00,$408.00,$368.00,$504.00,$696.00,$624.00,$552.00,$560.00,$432.00,$400.00,$400.00,$384.00,$384.00,$384.00,$368.00,$544.00,$643.20,$796.80,$654.24,$635.04,$718.56,$383.52,$396.00,$392.64,$389.28,$365.76,$289.92,$258.24,$674.88,$774.72,$612.00,$660.96,$609.60,$385.92,$372.96,$385.92,$355.20,$374.88,$636.48,$253.92,$628.32,,
"2195 Andrews Ave [Institute for Environmental Learning]
",Electricity Usage (KWH),$233600.00,$235200.00,$219200.00,$162400.00,$168000.00,$201600.00,$201600.00,$161600.00,$184000.00,$158400.00,$203200.00,$201600.00,$224000.00,$249600.00,$208000.00,$171200.00,$184800.00,$220000.00,$208000.00,$227200.00,$202400.00,$185600.00,$173600.00,$298400.00,$364000.00,$272000.00,$196800.00,$178400.00,$165600.00,$240000.00,$211200.00,$225600.00,$204800.00,$127200.00,$103200.00,$164000.00,$200000.00,$137600.00,$144000.00,$113600.00,$145600.00,$160800.00,$192000.00,$213600.00,$204000.00,$136800.00,$80800.00,$149600.00,,
"2195 Andrews Ave [Institute for Environmental Learning]
",Gas (Therms),$359.00,$348.00,$502.00,$1820.00,$6879.00,$11388.00,$20027.00,$13135.00,$13731.00,$7275.00,$660.00,$543.00,$399.00,$305.00,$435.00,$3863.00,$6014.00,$19382.00,$26852.00,$25127.00,$10765.00,$5485.00,$2768.00,$531.00,$500.00,$374.00,$1974.00,$2777.00,$3801.00,$16994.00,$23223.00,$30124.00,$29667.00,$5152.00,$3446.00,$2292.00,$468.00,$294.00,$462.00,$539.00,$6603.00,$5326.00,$14267.00,$11048.00,$4649.00,$3686.00,$1241.00,$409.00,,
,,,,,,,,,,,,,,,,,,,,,,,,,,,,,,,,,,,,,,,,,,,,,,,,,,,
,,,,,,,,,,,,,,,,,,,,,,,,,,,,,,,,,,,,,,,,,,,,,,,,,,,
"2195 Andrews Ave [Institute for Environmental Learning]
",Total Usage (mmBTUs),$833.17,$837.53,$798.32,$736.27,$1261.28,$1826.85,$2690.75,$1865.04,$2001.09,$1268.11,$759.52,$742.35,$804.41,$882.38,$753.40,$970.60,$1232.12,$2689.05,$3395.10,$3288.13,$1767.29,$1181.95,$869.29,$1071.53,$1292.32,$965.73,$869.07,$886.57,$945.29,$2518.51,$3043.12,$3782.37,$3665.68,$949.33,$696.82,$788.93,$729.39,$499.02,$537.67,$441.61,$1157.23,$1081.41,$2081.99,$1833.81,$1161.15,$835.49,$399.87,$551.48,,
"360 West 230th St [The Multiple Intelligence School]
",Electricity Demand (KW),$400.00,$328.00,$360.00,$336.00,$224.00,$216.00,$212.00,$220.00,$220.00,$192.00,$356.00,$372.00,$404.00,$388.00,$392.00,$384.00,$180.00,$216.00,$356.00,$356.00,$356.00,$356.00,$384.00,$348.00,$440.00,$440.00,$336.00,$300.00,$268.00,$216.00,$216.00,$216.00,$208.00,$204.00,$400.00,$424.00,$388.00,$256.00,$300.00,$176.00,$176.00,$128.00,$128.00,$196.00,$376.00,$376.00,$364.00,$416.00,,
"360 West 230th St [The Multiple Intelligence School]
",Electricity Usage (KWH),$165600.00,$135200.00,$148000.00,$97200.00,$86400.00,$106800.00,$102400.00,$92400.00,$80800.00,$68000.00,$93600.00,$116000.00,$156000.00,$155200.00,$136800.00,$111600.00,$69600.00,$99200.00,$87600.00,$99600.00,$87600.00,$85600.00,$115600.00,$145600.00,$186400.00,$163600.00,$139200.00,$115600.00,$86800.00,$99200.00,$87200.00,$90400.00,$92800.00,$74800.00,$102000.00,$168800.00,$176400.00,$169600.00,$155600.00,$101200.00,$108000.00,$67200.00,$66800.00,$71600.00,$69600.00,$65600.00,$106800.00,$151600.00,,
"360 West 230th St [The Multiple Intelligence School]
",Gas (Therms),$177.00,$140.00,$224.00,$535.00,$3106.00,$9148.00,$12060.00,$8794.00,$5456.00,$2493.00,$313.00,$269.00,$227.00,$183.00,$220.00,$954.00,$1932.00,$7336.00,$7993.00,$8811.00,$3896.00,$262.00,$294.00,$245.00,$225.00,$179.00,$215.00,$660.00,$1195.00,$8155.00,$8186.00,$12553.00,$6024.00,$1957.00,$319.00,$289.00,$188.00,$170.00,$212.00,$275.00,$274.00,$958.00,$351.00,$373.00,$788.00,$2341.00,$302.00,$279.00,,
"360 West 230th St [The Multiple Intelligence School]
",Total Usage (mmBTUs),$582.89,$475.43,$527.52,$385.24,$605.48,$1279.31,$1555.49,$1194.76,$821.37,$481.38,$350.75,$422.80,$555.12,$547.99,$488.89,$476.29,$430.74,$1072.17,$1098.28,$1221.03,$688.58,$318.35,$423.94,$521.43,$658.68,$576.26,$496.59,$460.54,$415.75,$1154.07,$1116.21,$1563.83,$919.12,$450.99,$380.02,$605.01,$620.85,$595.84,$552.26,$372.89,$396.00,$325.15,$263.09,$281.67,$316.34,$457.99,$394.71,$545.31,,
"3050 Webster Ave [George J. Werdan III School]
",Electricity Demand (KW),$762.00,$762.00,$828.00,$582.00,$582.00,$582.00,$582.00,$474.00,$444.00,$546.00,$642.00,$642.00,$636.00,$660.00,$654.00,$654.00,$402.00,$396.00,$414.00,$414.00,$414.00,$336.00,$588.00,$882.00,$728.40,$813.20,$843.20,$868.80,$676.40,$448.80,$411.20,$411.20,$421.60,$373.20,$479.20,$799.60,$734.00,$643.20,$728.00,$714.00,$385.60,$418.80,$408.00,$410.40,$562.40,$586.00,$572.00,$702.00,,
"3050 Webster Ave [George J. Werdan III School]
",Electricity Usage (KWH),$228000.00,$228600.00,$240000.00,$153600.00,$153600.00,$163800.00,$165000.00,$166200.00,$153600.00,$111600.00,$150600.00,$141600.00,$215400.00,$256800.00,$176400.00,$195600.00,$170400.00,$151800.00,$159600.00,$181800.00,$160800.00,$120600.00,$152400.00,$310800.00,$256800.00,$293600.00,$229200.00,$166800.00,$151200.00,$182400.00,$210000.00,$224800.00,$150800.00,$122800.00,$119600.00,$248000.00,$229600.00,$224800.00,$240000.00,$154800.00,$144000.00,$145600.00,$157600.00,$166400.00,$161200.00,$150400.00,$150000.00,$223600.00,,
"3050 Webster Ave [George J. Werdan III School]
",Gas (Therms),$399.00,$339.00,$573.00,$5910.00,$8848.00,$11610.00,$15772.00,$16048.00,$11364.00,$6228.00,$885.00,$294.00,$281.00,$231.00,$2432.00,$2924.00,$14730.00,$19359.00,$26402.00,$29367.00,$13993.00,$1720.00,$2041.00,$507.00,$118.00,$2858.00,$2789.00,$3702.00,$5386.00,$29213.00,$29211.00,$7855.00,$16552.00,$4938.00,$689.00,$524.00,$301.00,$230.00,$514.00,$238.00,$17800.00,$13237.00,$3137.00,$13935.00,$9902.00,$6704.00,$2726.00,$409.00,,
"3050 Webster Ave [George J. Werdan III School]
",Total Usage (mmBTUs),$818.06,$814.10,$876.41,$1115.23,$1409.03,$1720.04,$2140.34,$2172.04,$1660.63,$1003.69,$602.49,$512.68,$763.25,$899.55,$845.25,$959.98,$2054.57,$2453.99,$3184.91,$3557.18,$1948.11,$583.60,$724.24,$1111.45,$888.25,$1287.85,$1061.15,$939.48,$1054.64,$3543.83,$3637.82,$1552.74,$2169.88,$912.91,$477.09,$898.82,$813.72,$790.24,$870.51,$552.13,$2271.47,$1820.63,$851.58,$1961.42,$1540.37,$1183.71,$784.55,$804.04,,
"557 Pennsylvania Ave [Roberto Clemente School]
",Electricity Cost ($),$18146.55,$20042.23,$19264.79,$15134.48,$12144.06,$12006.43,$13411.35,$11868.42,$14487.81,$11502.35,$14824.61,$19424.53,$18051.21,$16064.63,$19765.20,$17447.84,$12406.90,$16236.40,$13999.65,$14954.50,$14966.84,$15474.96,$20459.65,$22806.33,$21204.22,$19355.81,$22701.84,$20792.04,$17446.56,$14978.15,$13427.94,$14203.00,$12814.07,$10173.79,$16166.90,$22633.51,$18373.50,$16832.62,$21613.00,$18285.57,$13262.33,$11623.61,$12497.27,$12994.63,$12717.32,$12230.09,$15828.71,$23939.72,,
"557 Pennsylvania Ave [Roberto Clemente School]
",Electricity Demand (KW),$412.00,$444.00,$444.00,$388.00,$280.00,$264.00,$264.00,$264.00,$264.00,$260.00,$352.00,$404.00,$380.00,$336.00,$464.00,$392.00,$284.00,$288.00,$288.00,$276.00,$288.00,$288.00,$436.00,$468.00,$424.00,$408.00,$504.00,$428.00,$384.00,$264.00,$264.00,$264.00,$240.00,$216.00,$368.00,$460.00,$360.00,$332.00,$448.00,$428.00,$252.00,$244.00,$220.00,$224.00,$228.00,$232.00,$320.00,$460.00,,
"557 Pennsylvania Ave [Roberto Clemente School]
",Electricity Usage (KWH),$101600.00,$97200.00,$94400.00,$84400.00,$78000.00,$80000.00,$80400.00,$70400.00,$78000.00,$62000.00,$65200.00,$110800.00,$103200.00,$93600.00,$100400.00,$84000.00,$79200.00,$93600.00,$80400.00,$91200.00,$86800.00,$84400.00,$99600.00,$107200.00,$97600.00,$90800.00,$98400.00,$89600.00,$74000.00,$81600.00,$69600.00,$74400.00,$69600.00,$52800.00,$66400.00,$100000.00,$77600.00,$75600.00,$93600.00,$78000.00,$66400.00,$63600.00,$58000.00,$60000.00,$62800.00,$55200.00,$70400.00,$100000.00,,
"557 Pennsylvania Ave [Roberto Clemente School]
",Gas (Therms),$0.00,$75.00,$0.00,$51.00,$0.00,$103.00,$0.00,$103.00,$0.00,$103.00,$0.00,$62.00,$0.00,$31.00,$0.00,$303.00,$0.00,$95.00,$0.00,$128.00,$0.00,$61.00,$15.00,$5.00,$125.00,$114.00,$24.00,$34.00,$61.00,$64.00,$56.00,$61.00,$46.00,$56.00,$45.00,$56.00,$46.00,$38.00,$41.00,$41.00,$57.00,$62.00,$48.00,$57.00,$56.00,$57.00,$49.00,$52.00,,
"557 Pennsylvania Ave [Roberto Clemente School]
",Total Usage (mmBTUs),$346.76,$339.24,$322.18,$293.15,$266.21,$283.34,$274.40,$250.57,$266.21,$221.90,$222.53,$384.36,$352.22,$322.55,$342.66,$316.99,$270.31,$328.95,$274.40,$324.06,$296.25,$294.15,$341.43,$366.37,$345.61,$321.30,$338.24,$309.20,$258.66,$284.90,$243.14,$260.02,$242.14,$185.80,$231.12,$346.90,$269.45,$261.82,$323.55,$270.31,$232.32,$223.26,$202.75,$210.48,$219.93,$194.10,$245.17,$346.50,,
"990 Dekalb Ave [Thaddeus Stevens School]
",Electricity Demand (KW),$266.40,$232.80,$290.40,$240.00,$223.20,$211.20,$211.20,$211.20,$225.60,$175.20,$201.60,$259.20,$242.40,$216.00,$264.00,$218.40,$204.00,$204.00,$199.20,$211.20,$199.20,$199.20,$204.00,$283.20,$276.00,$213.60,$264.00,$237.60,$189.60,$196.80,$196.80,$196.80,$196.80,$192.00,$189.60,$261.60,$252.00,$211.20,$242.40,$213.60,$196.80,$189.60,$189.60,$184.80,$184.80,$163.20,$182.40,$247.20,,
"990 Dekalb Ave [Thaddeus Stevens School]
",Electricity Usage (KWH),$65040.00,$59040.00,$71040.00,$61920.00,$66720.00,$62880.00,$62880.00,$58560.00,$60480.00,$53280.00,$63600.00,$64320.00,$66720.00,$64320.00,$66480.00,$69120.00,$67200.00,$72240.00,$65520.00,$66960.00,$68640.00,$61680.00,$59760.00,$70800.00,$46800.00,$90240.00,$58560.00,$66960.00,$66720.00,$61680.00,$52560.00,$56400.00,$56880.00,$47280.00,$57120.00,$66960.00,$59520.00,$52800.00,$58080.00,$49680.00,$62640.00,$53040.00,$55920.00,$49440.00,$48480.00,$43680.00,$47280.00,$62160.00,,
"990 Dekalb Ave [Thaddeus Stevens School]
",Gas (Therms),$124.00,$0.00,$102.00,$0.00,$148.00,$0.00,$169.00,$0.00,$142.00,$0.00,$138.00,$0.00,$140.00,$0.00,$102.00,$0.00,$102.00,$0.00,$102.00,$0.00,$103.00,$140.00,$86.00,$56.00,$51.00,$46.00,$9.00,$2666.00,$4195.00,$5959.00,$7803.00,$10189.00,$9959.00,$6682.00,$3880.00,$1142.00,$45.00,$960.00,$246.00,$241.00,$1738.00,$5720.00,$7278.00,$10223.00,$7712.00,$5034.00,$3428.00,$676.00,,
"990 Dekalb Ave [Thaddeus Stevens School]
",Total Usage (mmBTUs),$234.38,$201.50,$252.66,$211.33,$242.51,$214.61,$231.51,$199.86,$220.62,$181.84,$230.86,$219.52,$241.71,$219.52,$237.09,$235.90,$239.55,$246.55,$233.82,$228.53,$244.57,$224.51,$212.56,$247.24,$164.83,$312.59,$200.76,$495.13,$647.21,$806.41,$959.69,$1211.39,$1190.03,$829.57,$582.95,$342.73,$207.64,$276.20,$222.83,$193.66,$387.59,$753.02,$918.65,$1191.04,$936.66,$652.48,$504.17,$279.75,,
"1855 Stillwell Ave [The Highlawn School]
",Electricity Demand (KW),$236.40,$186.00,$254.00,$224.40,$179.60,$182.80,$182.80,$184.40,$177.20,$220.40,$228.80,$233.60,$176.40,$189.20,$220.40,$184.80,$167.60,$162.40,$163.60,$167.60,$162.40,$224.00,$232.00,$273.60,$267.20,$184.80,$238.00,$225.60,$177.60,$181.60,$181.60,$181.60,$166.80,$158.00,$210.80,$258.00,$234.40,$189.60,$237.60,$235.60,$166.00,$167.60,$164.80,$160.80,$158.80,$186.00,$198.40,$270.40,,
"1855 Stillwell Ave [The Highlawn School]
",Electricity Usage (KWH),$69800.00,$65200.00,$65880.00,$44240.00,$47920.00,$50840.00,$50840.00,$49800.00,$50520.00,$40600.00,$45520.00,$50200.00,$52400.00,$42480.00,$48640.00,$44640.00,$42960.00,$50320.00,$46000.00,$46280.00,$44800.00,$42240.00,$44920.00,$61440.00,$61720.00,$49360.00,$57280.00,$49680.00,$46880.00,$55680.00,$47480.00,$51320.00,$46760.00,$38640.00,$42880.00,$60120.00,$52840.00,$43880.00,$48680.00,$42040.00,$45920.00,$44680.00,$46600.00,$45880.00,$43520.00,$38640.00,$45880.00,$59640.00,,
"1855 Stillwell Ave [The Highlawn School]
",Gas (Therms),$162.00,$0.00,$137.00,$0.00,$211.00,$0.00,$253.00,$0.00,$224.00,$0.00,$199.00,$0.00,$159.00,$0.00,$120.00,$0.00,$0.00,$0.00,$407.00,$0.00,$229.00,$134.00,$83.00,$42.00,$121.00,$41.00,$73.00,$95.00,$99.00,$121.00,$109.00,$122.00,$116.00,$133.00,$105.00,$113.00,$78.00,$61.00,$75.00,$94.00,$104.00,$111.00,$107.00,$130.00,$121.00,$97.00,$124.00,$66.00,,
"1855 Stillwell Ave [The Highlawn School]
",Total Usage (mmBTUs),$254.43,$222.53,$238.55,$150.99,$184.65,$173.52,$198.82,$169.97,$194.82,$138.57,$175.26,$171.33,$194.74,$144.98,$178.01,$152.35,$146.62,$171.74,$197.70,$157.95,$175.80,$157.56,$161.61,$213.89,$222.75,$172.56,$202.79,$179.06,$169.90,$202.13,$172.95,$187.35,$171.19,$145.18,$156.85,$216.49,$188.14,$155.86,$173.64,$152.88,$167.12,$163.59,$169.74,$169.59,$160.63,$141.58,$168.99,$210.15,,
"131 Irwin St [Manhattan Beach School]
",Electricity Demand (KW),$100.80,$60.80,$107.20,$96.00,$89.60,$92.80,$97.60,$97.60,$96.00,$89.60,$89.60,$102.40,$54.40,$62.40,$99.20,$99.20,$99.20,$94.40,$94.40,$92.80,$94.40,$83.20,$91.20,$104.00,$99.20,$60.80,$108.80,$104.00,$88.00,$94.40,$94.40,$94.40,$89.60,$89.60,$96.00,$104.00,$102.40,$64.00,$99.20,$102.40,$81.60,$86.40,$91.20,$91.20,$89.60,$89.60,$89.60,$104.00,,
"131 Irwin St [Manhattan Beach School]
",Electricity Usage (KWH),$25440.00,$18880.00,$28800.00,$24320.00,$25920.00,$28640.00,$27360.00,$24800.00,$29920.00,$24480.00,$26240.00,$29120.00,$17120.00,$17600.00,$27360.00,$30080.00,$26560.00,$24320.00,$24960.00,$26400.00,$26560.00,$22240.00,$24640.00,$28320.00,$17600.00,$18720.00,$23360.00,$27040.00,$23360.00,$24320.00,$24960.00,$26560.00,$25120.00,$20640.00,$24800.00,$28640.00,$18080.00,$16640.00,$24640.00,$23840.00,$24480.00,$23680.00,$23040.00,$23360.00,$24000.00,$21600.00,$23680.00,$28640.00,,
"131 Irwin St [Manhattan Beach School]
",Gas (Therms),$1.00,$452.00,$0.00,$3543.00,$11724.00,$13160.00,$12354.00,$14866.00,$14940.00,$5614.00,$122.00,$4429.00,$0.00,$205.00,$31.00,$4464.00,$7958.00,$18459.00,$16627.00,$17669.00,$12982.00,$3962.00,$1347.00,$347.00,$57.00,$511.00,$170.00,$2244.00,$5908.00,$15089.00,$19095.00,$34264.00,$17335.00,$13869.00,$3161.00,$511.00,$223.00,$213.00,$234.00,$391.00,$8151.00,$10715.00,$17501.00,$16153.00,$13104.00,$6963.00,$3585.00,$442.00,,
"131 Irwin St [Manhattan Beach School]
",Total Usage (mmBTUs),$86.93,$109.64,$98.29,$437.30,$1260.86,$1413.75,$1328.78,$1571.24,$1596.12,$644.95,$101.76,$542.29,$58.43,$80.57,$96.48,$549.06,$886.45,$1928.90,$1747.89,$1857.00,$1388.85,$472.10,$218.80,$131.36,$65.77,$114.99,$96.73,$316.69,$670.53,$1591.90,$1994.69,$3517.05,$1819.23,$1457.34,$400.74,$148.85,$84.01,$78.09,$107.50,$120.47,$898.65,$1152.32,$1828.73,$1695.03,$1392.31,$770.02,$439.32,$141.95,,
,,,,,,,,,,,,,,,,,,,,,,,,,,,,,,,,,,,,,,,,,,,,,,,,,,,
,,,,,,,,,,,,,,,,,,,,,,,,,,,,,,,,,,,,,,,,,,,,,,,,,,,
"1400 Benson Ave [Dyker School]
",Electricity Demand (KW),$132.00,$132.00,$146.40,$122.40,$127.20,$158.40,$158.40,$160.80,$156.00,$124.80,$112.80,$136.80,$144.00,$144.00,$360.00,$296.00,$304.00,$352.00,$352.00,$344.00,$360.00,$360.00,$400.00,$488.00,$488.00,$384.00,$432.00,$416.00,$312.00,$360.00,$360.00,$360.00,$336.00,$296.00,$400.00,$448.00,$448.00,$392.00,$456.00,$456.00,$328.00,$304.00,$352.00,$328.00,$328.00,$320.00,$384.00,$544.00,,
"1400 Benson Ave [Dyker School]
",Electricity Usage (KWH),$25200.00,$25200.00,$35760.00,$30960.00,$43920.00,$52320.00,$52560.00,$53040.00,$52080.00,$39120.00,$27840.00,$54480.00,$47520.00,$66800.00,$107200.00,$133600.00,$129600.00,$182400.00,$156800.00,$180000.00,$128800.00,$124800.00,$120800.00,$150400.00,$189600.00,$167200.00,$155200.00,$141600.00,$122400.00,$180000.00,$153600.00,$165600.00,$130400.00,$115200.00,$122400.00,$170400.00,$167200.00,$152800.00,$163200.00,$136800.00,$140000.00,$130400.00,$144000.00,$144800.00,$129600.00,$120800.00,$128800.00,$174400.00,,
"1400 Benson Ave [Dyker School]
",Gas (Therms),$0.00,$74.00,$0.00,$761.00,$3373.00,$5673.00,$6355.00,$4538.00,$3819.00,$2653.00,$0.00,$244.00,$0.00,$51.00,$1.00,$381.00,$1329.00,$6981.00,$5746.00,$7170.00,$3051.00,$2254.00,$775.00,$17906.00,$505.00,$231.00,$118.00,$889.00,$1543.00,$3114.00,$6833.00,$21879.00,$8458.00,$5680.00,$1799.00,$656.00,$287.00,$132.00,$99.00,$362.00,$2709.00,$4342.00,$7011.00,$7224.00,$5795.00,$2764.00,$1337.00,$377.00,,
"1400 Benson Ave [Dyker School]
",Total Usage (mmBTUs),$86.01,$93.41,$122.05,$181.77,$487.20,$745.87,$814.89,$634.82,$559.65,$398.82,$95.02,$210.34,$162.18,$233.09,$365.97,$494.07,$575.22,$1320.63,$1109.75,$1331.33,$744.69,$651.34,$489.79,$2303.91,$697.60,$593.75,$541.49,$572.18,$572.05,$925.73,$1207.53,$2753.09,$1290.85,$961.17,$597.65,$647.17,$599.35,$534.70,$566.90,$503.09,$748.72,$879.25,$1192.57,$1216.60,$1021.82,$688.69,$573.29,$632.92,,
"976 President St [Emma Johnston PS 241]
",Electricity Demand (KW),$136.00,$108.00,$100.00,$100.00,$104.00,$108.00,$108.00,$108.00,$104.00,$104.00,$96.00,$100.00,$88.00,$96.00,$88.00,$100.00,$92.00,$100.00,$108.00,$96.00,$96.00,$88.00,$92.00,$156.00,$156.00,$156.00,$104.00,$88.00,$96.00,$100.00,$100.00,$100.00,$100.00,$96.00,$88.00,$156.00,$156.00,$156.00,$156.00,$108.00,$96.00,$96.00,$108.00,$100.00,$100.00,$92.00,$84.00,$156.00,,
"976 President St [Emma Johnston PS 241]
",Electricity Usage (KWH),$33200.00,$28400.00,$33200.00,$32400.00,$33200.00,$37600.00,$37200.00,$33200.00,$33200.00,$28400.00,$29200.00,$28800.00,$28000.00,$32400.00,$30000.00,$33200.00,$30400.00,$34000.00,$31600.00,$33600.00,$30000.00,$28000.00,$28400.00,$33600.00,$42400.00,$37600.00,$32000.00,$32000.00,$30400.00,$38000.00,$32400.00,$34800.00,$35600.00,$29600.00,$28800.00,$40400.00,$37600.00,$38000.00,$24400.00,$30000.00,$34400.00,$28000.00,$30000.00,$32400.00,$30400.00,$26400.00,$27200.00,$40400.00,,
"976 President St [Emma Johnston PS 241]
",Gas (Therms),$0.00,$61.00,$20.00,$3647.00,$3749.00,$10992.00,$5254.00,$10986.00,$8667.00,$4988.00,$423.00,$1260.00,$0.00,$114.00,$171.00,$2651.00,$3026.00,$1436.00,$15512.00,$7817.00,$5578.00,$3103.00,$1238.00,$487.00,$158.00,$789.00,$714.00,$1707.00,$4033.00,$7979.00,$7786.00,$10357.00,$10628.00,$6917.00,$1263.00,$339.00,$253.00,$181.00,$272.00,$444.00,$3382.00,$4749.00,$9010.00,$7679.00,$6071.00,$3271.00,$1540.00,$278.00,,
"976 President St [Emma Johnston PS 241]
",Total Usage (mmBTUs),$113.31,$103.03,$115.31,$475.28,$488.21,$1227.53,$652.36,$1211.91,$980.01,$595.73,$141.96,$224.29,$95.56,$121.98,$119.49,$378.41,$406.35,$259.64,$1659.05,$896.38,$660.19,$405.86,$220.73,$163.38,$160.51,$207.23,$180.62,$279.92,$507.05,$927.59,$889.18,$1154.47,$1184.30,$792.72,$224.59,$171.78,$153.63,$147.79,$110.48,$146.79,$455.61,$570.46,$1003.39,$878.48,$710.85,$417.20,$246.83,$165.68,,
"794 Monroe St [George E. Wibecan School]
",Electricity Demand (KW),$201.60,$130.80,$178.80,$158.40,$154.80,$152.40,$152.40,$148.80,$147.60,$150.00,$145.20,$158.40,$151.20,$144.00,$187.20,$160.80,$159.60,$156.00,$153.60,$151.20,$151.20,$156.00,$182.40,$208.80,$204.00,$156.00,$176.40,$184.80,$146.40,$151.20,$151.20,$151.20,$151.20,$142.80,$147.60,$213.60,$182.40,$132.00,$188.40,$183.60,$140.40,$140.40,$138.00,$140.40,$138.00,$127.20,$138.00,$213.60,,
"794 Monroe St [George E. Wibecan School]
",Electricity Usage (KWH),$52200.00,$44520.00,$56760.00,$50640.00,$57000.00,$56520.00,$56520.00,$50280.00,$51600.00,$47280.00,$49080.00,$53520.00,$36000.00,$42960.00,$60480.00,$60240.00,$55440.00,$59760.00,$54120.00,$55080.00,$53160.00,$47760.00,$53280.00,$50400.00,$53880.00,$49800.00,$56160.00,$54600.00,$35040.00,$59040.00,$50400.00,$53880.00,$54000.00,$42720.00,$46440.00,$63120.00,$28320.00,$42840.00,$54240.00,$48720.00,$50520.00,$46560.00,$46320.00,$42120.00,$45000.00,$37560.00,$40800.00,$63120.00,,
"794 Monroe St [George E. Wibecan School]
",Gas (Therms),$72.00,$0.00,$31.00,$0.00,$4.00,$0.00,$139.00,$0.00,$252.00,$0.00,$112.00,$0.00,$76.00,$0.00,$101.00,$0.00,$4.00,$0.00,$421.00,$0.00,$170.00,$32.00,$19.00,$20.00,$156.00,$30.00,$37.00,$47.00,$20.00,$71.00,$134.00,$125.00,$101.00,$137.00,$87.00,$58.00,$106.00,$13.00,$12.00,$57.00,$87.00,$62.00,$124.00,$146.00,$48.00,$101.00,$104.00,$131.00,,
"794 Monroe St [George E. Wibecan School]
",Total Usage (mmBTUs),$185.36,$151.95,$196.82,$172.83,$194.94,$192.90,$206.80,$171.60,$201.31,$161.37,$178.71,$182.66,$130.47,$146.62,$216.52,$205.60,$189.62,$203.96,$226.81,$187.99,$198.43,$166.20,$183.74,$174.01,$199.49,$172.97,$195.37,$191.05,$121.59,$208.60,$185.41,$196.39,$194.40,$159.50,$167.20,$221.23,$107.26,$147.51,$186.32,$171.98,$181.12,$165.11,$170.49,$158.35,$158.38,$138.29,$149.65,$228.53,,
"111 Bristol St [110 Chester St] [Dr. Rose B. English]
",Electricity Demand (KW),$452.00,$416.00,$468.00,$356.00,$232.00,$240.00,$220.00,$256.00,$236.00,$232.00,$392.00,$408.00,$404.00,$404.00,$420.00,$384.00,$232.00,$228.00,$236.00,$240.00,$240.00,$304.00,$388.00,$668.00,$256.00,$420.00,$428.00,$372.00,$276.00,$260.00,$260.00,$260.00,$232.00,$232.00,$320.00,$472.00,$452.00,$460.00,$440.00,$424.00,$304.00,$236.00,$224.00,$228.00,$232.00,$236.00,$344.00,$464.00,,
"111 Bristol St [110 Chester St] [Dr. Rose B. English]
",Electricity Usage (KWH),$135600.00,$121200.00,$124000.00,$77200.00,$78400.00,$86800.00,$84400.00,$94800.00,$62400.00,$69200.00,$81600.00,$98000.00,$147200.00,$128800.00,$98800.00,$88000.00,$72400.00,$83600.00,$72800.00,$79200.00,$69600.00,$66800.00,$81600.00,$124400.00,$156400.00,$134800.00,$122000.00,$85600.00,$78400.00,$87600.00,$74800.00,$80400.00,$70000.00,$66800.00,$62000.00,$129200.00,$121200.00,$58400.00,$79600.00,$78000.00,$75200.00,$75200.00,$72800.00,$73600.00,$64400.00,$60400.00,$71600.00,$99200.00,,
"111 Bristol St [110 Chester St] [Dr. Rose B. English]
",Gas (Therms),$0.00,$546.00,$0.00,$229.00,$0.00,$361.00,$0.00,$253.00,$0.00,$236.00,$0.00,$217.00,$0.00,$198.00,$0.00,$204.00,$0.00,$177.00,$0.00,$103.00,$0.00,$205.00,$109.00,$48.00,$20.00,$21.00,$23.00,$493.00,$140.00,$80.00,$148.00,$11.00,$56.00,$140.00,$14.00,$92.00,$50.00,$36.00,$31.00,$39.00,$56.00,$53.00,$67.00,$79.00,$72.00,$145.00,$106.00,$126.00,,
"111 Bristol St [110 Chester St] [Dr. Rose B. English]
",Total Usage (mmBTUs),$462.80,$468.25,$423.21,$286.38,$267.58,$332.35,$288.05,$348.85,$212.97,$259.78,$278.50,$356.17,$502.39,$459.39,$337.20,$320.74,$247.10,$303.02,$248.46,$280.61,$237.54,$248.49,$289.40,$429.37,$535.79,$462.17,$418.68,$341.45,$281.58,$306.98,$270.09,$275.50,$244.51,$241.99,$213.00,$450.16,$418.65,$202.92,$274.77,$270.11,$262.26,$261.96,$255.16,$259.09,$227.00,$220.64,$254.97,$351.17,,
"237 7th Ave [John Jay High School]
",Electricity Demand (KW),$370.00,$370.00,$370.00,$370.00,$370.00,$370.00,$370.00,$370.00,$370.00,$370.00,$370.00,$370.00,$370.00,$370.00,$370.00,$370.00,$370.00,$370.00,$370.00,$370.00,$370.00,$370.00,$370.00,$370.00,$370.00,$370.00,$370.00,$319.00,$307.00,$274.00,$276.00,$277.00,$269.00,$275.00,$299.00,$361.00,$302.00,$269.00,$320.00,$312.00,$307.00,$285.00,$260.00,$295.00,$297.00,$291.00,$331.00,$546.00,,
"237 7th Ave [John Jay High School]
",Electricity Usage (KWH),$119760.00,$123600.00,$119520.00,$119520.00,$123360.00,$127200.00,$131040.00,$119040.00,$122880.00,$115920.00,$119760.00,$115920.00,$127680.00,$115440.00,$119520.00,$127440.00,$115200.00,$135120.00,$119040.00,$126960.00,$114720.00,$115920.00,$111600.00,$119760.00,$88560.00,$77880.00,$82080.00,$119880.00,$112200.00,$135120.00,$114720.00,$119760.00,$114120.00,$94440.00,$141720.00,$91680.00,$106680.00,$113040.00,$121800.00,$102600.00,$118800.00,$111000.00,$105000.00,$127800.00,$130800.00,$112200.00,$125400.00,$138600.00,,
"237 7th Ave [John Jay High School]
",Gas (Therms),$0.00,$182.00,$67.00,$1410.00,$1582.00,$4384.00,$3986.00,$338.00,$0.00,$336.00,$0.00,$316.00,$0.00,$165.00,$0.00,$164.00,$3212.00,$2428.00,$4234.00,$6051.00,$4144.00,$2265.00,$128.00,$46.00,$133.00,$121.00,$122.00,$85.00,$2133.00,$3743.00,$6018.00,$7427.00,$5118.00,$1274.00,$785.00,$143.00,$112.00,$103.00,$72.00,$100.00,$2409.00,$3102.00,$6260.00,$5615.00,$4203.00,$1573.00,$1528.00,$56.00,,
"237 7th Ave [John Jay High School]
",Total Usage (mmBTUs),$408.74,$440.04,$414.62,$548.92,$579.22,$872.53,$845.84,$440.08,$419.39,$429.23,$408.74,$427.23,$435.77,$410.49,$407.92,$451.35,$714.37,$703.96,$829.68,$1038.41,$805.94,$622.13,$393.69,$413.34,$315.55,$277.90,$292.34,$417.65,$596.24,$835.46,$993.34,$1151.44,$901.29,$449.72,$562.19,$327.20,$375.30,$396.10,$422.90,$360.17,$646.36,$689.04,$984.36,$997.68,$866.72,$540.24,$580.79,$478.64,,
"145 Pennsylvania Ave [William H. Maxwell High School?]
",Electricity Demand (KW),$692.00,$692.00,$692.00,$692.00,$392.00,$400.00,$400.00,$400.00,$392.00,$360.00,$556.00,$652.00,$568.00,$572.00,$700.00,$392.00,$400.00,$404.00,$404.00,$392.00,$384.00,$740.00,$516.00,$740.00,$732.00,$571.92,$699.84,$391.92,$399.84,$403.92,$403.92,$369.60,$392.64,$319.44,$386.88,$660.72,$726.48,$593.28,$608.64,$544.32,$348.72,$345.84,$344.16,$342.72,$346.80,$324.48,$457.44,$653.76,,
"145 Pennsylvania Ave [William H. Maxwell High School?]
",Electricity Usage (KWH),$159200.00,$164800.00,$159600.00,$159200.00,$100800.00,$161200.00,$161200.00,$162400.00,$140400.00,$110800.00,$126800.00,$163200.00,$139600.00,$136400.00,$154400.00,$118000.00,$120400.00,$174800.00,$149600.00,$154000.00,$121600.00,$109200.00,$121200.00,$186400.00,$198800.00,$158800.00,$154400.00,$118000.00,$120400.00,$162000.00,$162400.00,$144800.00,$131200.00,$24000.00,$110400.00,$186400.00,$174800.00,$168800.00,$219600.00,$108400.00,$115600.00,$117600.00,$120400.00,$115200.00,$111600.00,$90000.00,$110400.00,$161600.00,,
"145 Pennsylvania Ave [William H. Maxwell High School?]
",Gas (Therms),$1.00,$205.00,$0.00,$4035.00,$17745.00,$34425.00,$25555.00,$32825.00,$24425.00,$12893.00,$1761.00,$514.00,$4.00,$687.00,$0.00,$8008.00,$12023.00,$32545.00,$36421.00,$37444.00,$18679.00,$8310.00,$4368.00,$768.00,$383.00,$256.00,$229.00,$4543.00,$14281.00,$26022.00,$35660.00,$40260.00,$22417.00,$16822.00,$1946.00,$405.00,$339.00,$228.00,$203.00,$286.00,$9571.00,$16161.00,$27219.00,$26587.00,$17758.00,$7253.00,$3853.00,$524.00,,
"145 Pennsylvania Ave [William H. Maxwell High School?]
",Total Usage (mmBTUs),$543.44,$582.96,$544.71,$946.84,$2118.53,$3992.67,$3105.67,$3836.77,$2921.68,$1667.46,$608.86,$608.40,$476.85,$534.23,$526.96,$1203.53,$1613.22,$3851.09,$4152.68,$4270.00,$2282.92,$1203.70,$850.45,$712.98,$716.80,$567.58,$549.86,$857.03,$1839.02,$3155.10,$4120.27,$4520.20,$2689.48,$1764.11,$571.39,$676.68,$630.49,$598.91,$769.79,$398.57,$1351.64,$2017.47,$3132.82,$3051.87,$2156.69,$1032.47,$762.09,$603.94,,
"415 89th St [Brooklyn School District 20?]
",Electricity Demand (KW),$204.00,$186.00,$204.00,$198.00,$168.00,$168.00,$168.00,$162.00,$162.00,$162.00,$186.00,$198.00,$192.00,$192.00,$204.00,$198.00,$162.00,$168.00,$174.00,$156.00,$162.00,$156.00,$198.00,$210.00,$204.00,$192.00,$204.00,$204.00,$162.00,$162.00,$162.00,$162.00,$156.00,$150.00,$168.00,$204.00,$198.00,$180.00,$198.00,$198.00,$150.00,$156.00,$156.00,$156.00,$156.00,$192.00,$204.00,$204.00,,
"415 89th St [Brooklyn School District 20?]
",Electricity Usage (KWH),$88800.00,$89400.00,$88800.00,$73200.00,$69600.00,$67200.00,$82800.00,$67200.00,$68400.00,$60600.00,$81000.00,$88200.00,$84000.00,$78600.00,$80400.00,$73200.00,$66000.00,$76800.00,$69000.00,$72000.00,$66000.00,$60000.00,$66600.00,$89400.00,$91200.00,$83400.00,$78600.00,$73200.00,$59400.00,$71400.00,$60600.00,$66000.00,$58200.00,$55800.00,$63600.00,$88800.00,$77400.00,$73200.00,$73800.00,$63600.00,$57600.00,$57000.00,$59400.00,$61200.00,$56400.00,$54000.00,$63600.00,$83400.00,,
"415 89th St [Brooklyn School District 20?]
",Gas (Therms),$8402.00,$7902.00,$6662.00,$1814.00,$1918.00,$3411.00,$3441.00,$2699.00,$2172.00,$1187.00,$688.00,$4921.00,$6979.00,$7492.00,$4073.00,$1377.00,$1251.00,$3515.00,$3711.00,$4329.00,$1964.00,$601.00,$6998.00,$1108.00,$10565.00,$8977.00,$5911.00,$2066.00,$1193.00,$3108.00,$4315.00,$3190.00,$2049.00,$931.00,$573.00,$7245.00,$7694.00,$8613.00,$5040.00,$2465.00,$671.00,$1356.00,$3125.00,$2255.00,$1153.00,$1132.00,$150.00,$5608.00,,
,,,,,,,,,,,,,,,,,,,,,,,,,,,,,,,,,,,,,,,,,,,,,,,,,,,
,,,,,,,,,,,,,,,,,,,,,,,,,,,,,,,,,,,,,,,,,,,,,,,,,,,
"415 89th St [Brooklyn School District 20?]
",Total Usage (mmBTUs),$1143.27,$1095.32,$969.27,$431.23,$429.34,$570.45,$626.69,$499.25,$450.65,$325.53,$345.25,$793.12,$984.59,$1017.46,$681.70,$387.53,$350.36,$613.62,$606.59,$678.63,$421.66,$264.88,$927.10,$415.92,$1367.76,$1182.34,$859.36,$456.43,$322.03,$554.49,$638.33,$544.26,$403.53,$283.54,$274.36,$1027.57,$1033.56,$1111.13,$755.88,$463.56,$263.69,$330.14,$515.23,$434.37,$307.79,$297.50,$232.06,$845.44,,
"402 Eastern Pkwy [Medger Evers Middle College]
",Electricity Demand (KW),$200.00,$192.00,$144.00,$304.00,$312.00,$312.00,$360.00,$376.00,$392.00,$392.00,$344.00,$328.00,$488.00,$528.00,$400.00,$392.00,$352.00,$448.00,$456.00,$448.00,$448.00,$416.00,$384.00,$424.00,$448.00,$344.00,$400.00,$336.00,$336.00,$472.00,$472.00,$440.00,$440.00,$384.00,$424.00,$456.00,$504.00,$504.00,$416.00,$336.00,$320.00,$376.00,$432.00,$392.00,$360.00,$320.00,$360.00,$480.00,,
"402 Eastern Pkwy [Medger Evers Middle College]
",Electricity Usage (KWH),$99200.00,$69600.00,$60800.00,$64000.00,$97600.00,$104800.00,$154400.00,$144800.00,$134400.00,$115200.00,$101600.00,$93600.00,$104800.00,$124000.00,$106400.00,$112000.00,$102400.00,$165600.00,$176800.00,$181600.00,$160000.00,$91200.00,$95200.00,$120800.00,$136800.00,$114400.00,$110400.00,$100000.00,$110400.00,$203200.00,$173600.00,$184800.00,$162400.00,$126400.00,$132000.00,$151200.00,$129600.00,$122400.00,$125600.00,$115200.00,$113600.00,$155200.00,$145600.00,$127200.00,$107200.00,$84800.00,$88000.00,$101600.00,,
"402 Eastern Pkwy [Medger Evers Middle College]
",Gas (Therms),$0.00,$0.00,$0.00,$0.00,$0.00,$0.00,$109.00,$0.00,$979.00,$0.00,$2.00,$0.00,$2.00,$0.00,$0.00,$0.00,$0.00,$0.00,$3141.00,$0.00,$3123.00,$153.00,$95.00,$0.00,$0.00,$0.00,$1.00,$90.00,$622.00,$1583.00,$1847.00,$1954.00,$1390.00,$1058.00,$244.00,$0.00,$0.00,$0.00,$80.00,$142.00,$1142.00,$1710.00,$2879.00,$2638.00,$2311.00,$554.00,$164.00,$0.00,,
"402 Eastern Pkwy [Medger Evers Middle College]
",Total Usage (mmBTUs),$338.57,$237.54,$207.51,$218.43,$333.11,$357.68,$537.86,$494.20,$556.60,$393.17,$346.96,$319.45,$357.88,$423.21,$363.14,$382.25,$349.49,$565.19,$917.51,$619.80,$858.38,$326.56,$334.41,$412.29,$466.89,$390.44,$376.89,$350.30,$438.99,$851.82,$777.19,$826.12,$693.27,$537.20,$474.91,$516.04,$442.32,$417.75,$436.67,$407.37,$501.91,$700.69,$784.83,$697.93,$596.97,$344.82,$316.74,$346.76,,
"187-01 Foch Blvd [Saint Albans School]
",Electricity Demand (KW),$136.80,$136.80,$148.80,$151.20,$151.20,$157.60,$161.60,$157.60,$156.80,$151.20,$108.00,$131.20,$136.00,$114.40,$142.40,$156.00,$157.60,$157.60,$161.60,$152.80,$155.20,$124.80,$149.60,$145.60,$132.80,$108.00,$140.00,$148.80,$152.00,$155.20,$153.60,$152.80,$147.20,$139.20,$92.80,$140.80,$137.60,$106.40,$142.40,$144.80,$144.00,$152.00,$152.80,$149.60,$148.00,$148.00,$148.00,$141.60,,
"187-01 Foch Blvd [Saint Albans School]
",Electricity Usage (KWH),$38880.00,$38960.00,$36800.00,$43360.00,$43600.00,$61840.00,$70640.00,$58640.00,$53280.00,$42560.00,$34640.00,$27600.00,$37520.00,$43200.00,$35200.00,$41040.00,$43360.00,$60000.00,$67760.00,$62960.00,$56160.00,$35760.00,$34160.00,$37360.00,$39840.00,$33680.00,$29920.00,$37360.00,$36400.00,$53760.00,$69040.00,$65680.00,$56880.00,$43760.00,$29760.00,$35840.00,$36080.00,$28720.00,$29840.00,$32320.00,$34400.00,$43040.00,$54480.00,$52560.00,$41280.00,$33920.00,$31920.00,$31840.00,,
"187-01 Foch Blvd [Saint Albans School]
",Gas (Therms),$26.00,$0.00,$26.00,$0.00,$309.00,$0.00,$207.00,$0.00,$1983.00,$0.00,$457.00,$0.00,$328.00,$0.00,$409.00,$0.00,$311.00,$0.00,$535.00,$0.00,$307.00,$72.00,$45.00,$330.00,$301.00,$274.00,$245.00,$168.00,$201.00,$242.00,$232.00,$248.00,$250.00,$220.00,$199.00,$180.00,$111.00,$77.00,$100.00,$153.00,$211.00,$213.00,$225.00,$241.00,$228.00,$229.00,$116.00,$250.00,,
"187-01 Foch Blvd [Saint Albans School]
",Total Usage (mmBTUs),$135.30,$132.97,$128.20,$147.99,$179.71,$211.06,$261.79,$200.14,$380.14,$145.26,$163.93,$94.20,$160.85,$147.44,$161.04,$140.07,$179.09,$204.78,$284.76,$214.88,$222.37,$129.25,$121.09,$160.51,$166.07,$142.35,$126.62,$144.31,$144.33,$207.68,$258.83,$248.96,$219.13,$171.35,$121.47,$140.32,$134.24,$105.72,$111.84,$125.61,$138.51,$168.19,$208.44,$203.49,$163.69,$138.67,$120.54,$133.67,,
"60-85 Catalpa Ave [Seneca School]
",Electricity Demand (KW),$352.00,$264.00,$380.00,$248.00,$244.00,$260.00,$252.00,$252.00,$248.00,$236.00,$356.00,$316.00,$316.00,$276.00,$316.00,$328.00,$244.00,$252.00,$260.00,$260.00,$256.00,$232.00,$340.00,$376.00,$372.00,$352.00,$356.00,$384.00,$228.00,$284.00,$284.00,$284.00,$248.00,$252.00,$356.00,$360.00,$332.00,$300.00,$408.00,$328.00,$232.00,$248.00,$260.00,$248.00,$240.00,$252.00,$296.00,$356.00,,
"60-85 Catalpa Ave [Seneca School]
",Electricity Usage (KWH),$52000.00,$51600.00,$84000.00,$60400.00,$74800.00,$84400.00,$87200.00,$80800.00,$82400.00,$62400.00,$67200.00,$71600.00,$82400.00,$74400.00,$72800.00,$72400.00,$70000.00,$84800.00,$82000.00,$87600.00,$73200.00,$57200.00,$64800.00,$87600.00,$84000.00,$82800.00,$75200.00,$78000.00,$105600.00,$85600.00,$72800.00,$78800.00,$82800.00,$70800.00,$68800.00,$99600.00,$86800.00,$78000.00,$82400.00,$68000.00,$81200.00,$82000.00,$82000.00,$82400.00,$68000.00,$69200.00,$69600.00,$90000.00,,
"60-85 Catalpa Ave [Seneca School]
",Gas (Therms),$0.00,$0.00,$31.00,$1103.00,$4689.00,$6239.00,$8433.00,$6749.00,$5791.00,$3157.00,$308.00,$0.00,$410.00,$0.00,$31.00,$1218.00,$3617.00,$8326.00,$11373.00,$8307.00,$5539.00,$2182.00,$1404.00,$340.00,$209.00,$206.00,$234.00,$553.00,$4537.00,$8972.00,$11387.00,$9538.00,$6901.00,$5345.00,$714.00,$324.00,$228.00,$197.00,$213.00,$325.00,$3422.00,$4721.00,$7330.00,$6441.00,$4279.00,$2202.00,$1268.00,$232.00,,
"60-85 Catalpa Ave [Seneca School]
",Total Usage (mmBTUs),$177.47,$176.11,$289.79,$316.44,$724.19,$911.95,$1140.91,$950.67,$860.33,$528.67,$260.15,$244.37,$322.23,$253.92,$251.56,$368.90,$600.61,$1122.02,$1417.16,$1129.68,$803.73,$413.42,$361.56,$332.98,$307.59,$303.19,$280.06,$321.51,$814.11,$1189.35,$1387.16,$1222.74,$972.69,$776.14,$306.21,$372.33,$319.05,$285.91,$302.53,$264.58,$619.33,$751.96,$1012.86,$925.33,$659.98,$456.38,$364.34,$330.37,,
"85-52 85th St [Forest Park School]
",Electricity Demand (KW),$160.00,$80.00,$164.00,$164.00,$164.00,$164.00,$164.00,$164.00,$160.00,$172.00,$168.00,$176.00,$160.00,$100.00,$176.00,$136.00,$136.00,$160.00,$168.00,$160.00,$148.00,$128.00,$180.00,$192.00,$180.00,$92.00,$172.00,$188.00,$144.00,$176.00,$176.00,$176.00,$160.00,$152.00,$160.00,$184.00,$164.00,$88.00,$176.00,$152.00,$148.00,$144.00,$148.00,$144.00,$148.00,$132.00,$128.00,$180.00,,
"85-52 85th St [Forest Park School]
",Electricity Usage (KWH),$25200.00,$26800.00,$40800.00,$42800.00,$50400.00,$53600.00,$53600.00,$49600.00,$53600.00,$40400.00,$37600.00,$42000.00,$22800.00,$26800.00,$38000.00,$37600.00,$36400.00,$50000.00,$50800.00,$52400.00,$44800.00,$33600.00,$35600.00,$49600.00,$29200.00,$24000.00,$38400.00,$36800.00,$38400.00,$61600.00,$52800.00,$56800.00,$50400.00,$41600.00,$33600.00,$50000.00,$26800.00,$19600.00,$35600.00,$35200.00,$47200.00,$48800.00,$49600.00,$47200.00,$42800.00,$32400.00,$32000.00,$45200.00,,
"85-52 85th St [Forest Park School]
",Gas (Therms),$0.00,$187.00,$0.00,$1335.00,$3321.00,$6573.00,$5032.00,$6909.00,$3891.00,$6982.00,$0.00,$706.00,$0.00,$288.00,$31.00,$1775.00,$2462.00,$5664.00,$5280.00,$8459.00,$2751.00,$4896.00,$1266.00,$774.00,$538.00,$373.00,$336.00,$862.00,$2763.00,$5326.00,$5164.00,$8260.00,$6427.00,$4141.00,$2876.00,$400.00,$361.00,$55.00,$26.00,$307.00,$2726.00,$3915.00,$5723.00,$5331.00,$4265.00,$2603.00,$1177.00,$345.00,,
"85-52 85th St [Forest Park School]
",Gas Cost ($),$207.64,$636.31,$207.64,$1998.25,$4326.71,$9376.38,$6190.55,$9318.12,$4408.63,$9225.44,$194.53,$1090.94,$201.03,$573.98,$224.40,$2065.60,$2844.08,$6590.98,$6318.38,$10618.56,$3242.61,$6309.48,$1671.96,$1153.55,$898.74,$683.65,$629.52,$1168.26,$2860.32,$5713.59,$5702.53,$9312.80,$7252.80,$4670.57,$3253.53,$795.28,$726.73,$315.89,$273.99,$577.98,$2920.97,$4172.02,$6069.38,$5439.38,$4304.31,$2576.85,$1170.40,$529.79,,
"85-52 85th St [Forest Park School]
",Total Usage (mmBTUs),$86.01,$110.17,$139.25,$279.58,$504.11,$840.24,$686.14,$860.18,$572.04,$836.08,$128.33,$213.94,$77.82,$120.27,$132.79,$305.83,$370.43,$737.05,$701.38,$1024.74,$428.00,$604.28,$248.10,$246.68,$153.46,$119.21,$164.66,$211.80,$407.36,$742.84,$696.60,$1019.86,$814.71,$556.08,$402.28,$210.65,$127.57,$72.39,$124.10,$150.84,$433.69,$558.05,$741.58,$694.19,$572.58,$370.88,$226.92,$188.77,,
"25-05 37th Ave [Dutch Kills]
",Electricity Demand (KW),$146.00,$146.00,$148.00,$112.00,$112.00,$122.00,$122.00,$110.00,$110.00,$110.00,$130.00,$130.00,$132.00,$132.00,$138.00,$136.00,$116.00,$114.00,$114.00,$112.00,$110.00,$118.00,$140.00,$150.00,$146.00,$76.00,$144.00,$144.00,$134.00,$112.00,$108.00,$110.00,$102.00,$102.00,$106.00,$146.00,$140.00,$82.00,$148.00,$144.00,$112.00,$114.00,$114.00,$110.00,$114.00,$106.00,$128.00,$152.00,,
"25-05 37th Ave [Dutch Kills]
",Electricity Usage (KWH),$32580.00,$32760.00,$32820.00,$31140.00,$31200.00,$33060.00,$33180.00,$27900.00,$31860.00,$27240.00,$33480.00,$32040.00,$35280.00,$28080.00,$29520.00,$31860.00,$31020.00,$34500.00,$29520.00,$30420.00,$31860.00,$31500.00,$31140.00,$37560.00,$27240.00,$31800.00,$27360.00,$35760.00,$35640.00,$36180.00,$34800.00,$34080.00,$33240.00,$31620.00,$33000.00,$38640.00,$30660.00,$24540.00,$32520.00,$33780.00,$33060.00,$35100.00,$34020.00,$33900.00,$34440.00,$28080.00,$31560.00,$36240.00,,
"25-05 37th Ave [Dutch Kills]
",Gas (Therms),$63.00,$63.00,$113.00,$486.00,$6693.00,$6626.00,$4846.00,$5042.00,$5172.00,$3991.00,$491.00,$147.00,$33.00,$0.00,$105.00,$5201.00,$3471.00,$1047.00,$1427.00,$68975.00,$67435.00,$44902.00,$27701.00,$17880.00,$43.00,$387.00,$64.00,$12198.00,$34843.00,$46265.00,$30617.00,$68493.00,$66930.00,$44599.00,$57571.00,$63789.00,$0.00,$0.00,$0.00,$0.00,$0.00,$242.00,$12377.00,$6677.00,$4471.00,$2666.00,$900.00,$106.00,,
"25-05 37th Ave [Dutch Kills]
",Total Usage (mmBTUs),$117.49,$118.11,$123.31,$154.88,$775.78,$775.43,$597.84,$599.42,$625.94,$492.07,$163.37,$124.05,$123.71,$95.84,$111.25,$628.84,$452.97,$222.45,$243.45,$7001.32,$6852.24,$4597.71,$2876.38,$1916.19,$97.27,$147.23,$99.78,$1341.85,$3605.94,$4749.98,$3180.47,$6965.61,$6806.45,$4567.82,$5869.73,$6510.78,$104.64,$83.75,$110.99,$115.29,$112.83,$144.00,$1353.81,$783.40,$564.64,$362.44,$197.71,$134.29,,
"89-30 114th St [Richmond Hill High School]
",Electricity Demand (KW),$310.00,$260.00,$426.00,$372.00,$454.00,$454.00,$454.00,$446.00,$452.00,$406.00,$412.00,$378.00,$314.00,$292.00,$370.00,$438.00,$394.00,$422.00,$452.00,$432.00,$448.00,$368.00,$404.00,$430.00,$374.00,$342.00,$418.00,$402.00,$418.00,$500.00,$500.00,$500.00,$496.00,$496.00,$466.00,$366.00,$378.00,$258.00,$360.00,$458.00,$482.00,$482.00,$486.00,$486.00,$476.00,$476.00,$466.00,$386.00,,
"89-30 114th St [Richmond Hill High School]
",Electricity Usage (KWH),$96400.00,$86200.00,$116600.00,$110400.00,$132400.00,$141200.00,$142400.00,$136200.00,$135800.00,$104600.00,$117400.00,$108800.00,$93000.00,$84000.00,$96200.00,$115400.00,$119200.00,$158400.00,$155400.00,$151000.00,$140200.00,$108600.00,$118400.00,$126800.00,$114200.00,$117800.00,$105400.00,$113800.00,$121000.00,$155600.00,$132600.00,$142200.00,$133800.00,$121400.00,$125600.00,$108800.00,$106000.00,$91400.00,$103000.00,$122200.00,$145400.00,$133000.00,$136800.00,$147600.00,$135000.00,$127000.00,$140000.00,$141600.00,,
"89-30 114th St [Richmond Hill High School]
",Gas (Therms),$0.00,$51.00,$0.00,$62.00,$0.00,$103.00,$0.00,$75.00,$0.00,$88.00,$0.00,$83.00,$0.00,$60.00,$0.00,$69.00,$0.00,$71.00,$0.00,$41.00,$0.00,$72.00,$14.00,$90.00,$12.00,$27.00,$17.00,$32.00,$35.00,$36.00,$40.00,$27.00,$31.00,$35.00,$33.00,$17.00,$17.00,$14.00,$14.00,$18.00,$16.00,$19.00,$24.00,$27.00,$32.00,$29.00,$19.00,$26.00,,
"89-30 114th St [Richmond Hill High School]
",Total Usage (mmBTUs),$329.01,$299.30,$397.95,$382.99,$451.88,$492.21,$486.01,$472.35,$463.48,$365.80,$400.68,$379.63,$317.41,$292.69,$328.33,$400.76,$406.83,$547.71,$530.38,$519.46,$478.50,$377.85,$405.50,$441.76,$390.96,$404.75,$361.43,$391.60,$416.47,$534.66,$456.56,$488.02,$459.76,$417.83,$431.97,$373.03,$363.47,$313.35,$352.94,$418.86,$497.85,$455.83,$469.29,$506.45,$463.95,$436.35,$479.72,$485.88,,
"160 Beach 29th St [P.S.43Q]
",Electricity Demand (KW),$1220.00,$1143.00,$2505.50,$397.50,$416.00,$426.00,$331.00,$0.00,$95.00,$0.00,$343.50,$716.00,$562.00,$652.50,$618.50,$593.00,$56.50,$410.50,$420.50,$309.00,$376.00,$344.50,$339.50,$836.50,$1397.00,$642.00,$693.00,$676.00,$391.00,$330.00,$424.50,$407.00,$383.00,$364.50,$290.00,$1001.00,$1470.00,$779.00,$724.50,$580.00,$340.00,$282.00,$417.50,$398.50,$399.00,$264.50,$218.50,$629.50,,
,,,,,,,,,,,,,,,,,,,,,,,,,,,,,,,,,,,,,,,,,,,,,,,,,,,
,,,,,,,,,,,,,,,,,,,,,,,,,,,,,,,,,,,,,,,,,,,,,,,,,,,
"160 Beach 29th St [P.S.43Q]
",Electricity Usage (KWH),$186840.00,$168000.00,$308240.00,$63920.00,$133600.00,$156000.00,$169280.00,$169680.00,$133240.00,$124000.00,$92160.00,$108680.00,$222520.00,$231560.00,$257000.00,$163800.00,$112720.00,$115800.00,$150920.00,$154600.00,$27340.00,$116440.00,$89920.00,$142440.00,$234120.00,$326040.00,$318000.00,$226200.00,$175800.00,$161640.00,$183240.00,$168200.00,$139120.00,$155680.00,$96760.00,$137760.00,$204360.00,$184080.00,$150440.00,$108720.00,$87280.00,$100320.00,$114520.00,$115200.00,$98720.00,$76720.00,$65960.00,$109360.00,,
"160 Beach 29th St [P.S.43Q]
",Gas (Therms),$594.00,$509.00,$797.00,$6629.00,$5248.00,$24091.00,$875.00,$20071.00,$7295.00,$5254.00,$33317.00,$12444.00,$11460.00,$563.00,$505.00,$6174.00,$11864.00,$23652.00,$20275.00,$24124.00,$5803.00,$1382.00,$666.00,$1454.00,$600.00,$398.00,$470.00,$4288.00,$8758.00,$23823.00,$30023.00,$15089.00,$9345.00,$742.00,$9763.00,$528.00,$482.00,$557.00,$965.00,$3256.00,$1617.00,$12654.00,$647.00,$22011.00,$7238.00,$4771.00,$2485.00,$428.00,,
"160 Beach 29th St [P.S.43Q]
",Total Usage (mmBTUs),$697.08,$624.28,$1131.71,$881.06,$980.77,$2941.52,$665.25,$2586.21,$1184.24,$948.61,$3646.24,$1615.32,$1905.45,$846.61,$927.63,$1176.44,$1571.11,$2760.42,$2542.59,$2940.05,$673.61,$535.61,$373.49,$631.54,$859.04,$1152.56,$1132.32,$1200.81,$1475.80,$2933.97,$3627.69,$2082.96,$1409.31,$605.53,$1306.54,$522.97,$745.67,$683.96,$609.95,$696.66,$459.58,$1607.79,$455.55,$2594.27,$1060.73,$738.94,$473.62,$416.04,,
"74-30 Commonwealth Blvd [P.S.208Q]
",Electricity Demand (KW),$424.00,$788.00,$760.00,$616.00,$368.00,$428.00,$448.00,$448.00,$484.00,$424.00,$660.00,$672.00,$668.00,$756.00,$664.00,$664.00,$664.00,$336.00,$392.00,$392.00,$392.00,$376.00,$716.00,$748.00,$748.00,$688.00,$728.00,$615.84,$438.00,$336.00,$447.84,$447.84,$447.84,$447.84,$447.84,$748.08,$609.84,$540.72,$578.16,$578.64,$295.92,$262.08,$374.40,$375.12,$258.72,$249.60,$479.04,$678.00,,
"74-30 Commonwealth Blvd [P.S.208Q]
",Electricity Usage (KWH),$136000.00,$191200.00,$185200.00,$105600.00,$111600.00,$180800.00,$182800.00,$183200.00,$182000.00,$172800.00,$188000.00,$218400.00,$208800.00,$256400.00,$134400.00,$148400.00,$130800.00,$150800.00,$138400.00,$150400.00,$132800.00,$106000.00,$166400.00,$236400.00,$261600.00,$229200.00,$206000.00,$166800.00,$122000.00,$143200.00,$166800.00,$155200.00,$120000.00,$101200.00,$142000.00,$204800.00,$193200.00,$180800.00,$162400.00,$131200.00,$96400.00,$108800.00,$152400.00,$139200.00,$91200.00,$82000.00,$108400.00,$174000.00,,
"74-30 Commonwealth Blvd [P.S.208Q]
",Gas (Therms),$201.00,$389.00,$392.00,$454.00,$3607.00,$8668.00,$10162.00,$10196.00,$7853.00,$1529.00,$517.00,$471.00,$255.00,$246.00,$392.00,$479.00,$3136.00,$7520.00,$9985.00,$10047.00,$7059.00,$547.00,$440.00,$488.00,$323.00,$326.00,$415.00,$479.00,$3193.00,$10610.00,$10626.00,$8948.00,$5270.00,$2289.00,$465.00,$430.00,$373.00,$329.00,$378.00,$426.00,$2615.00,$3893.00,$8803.00,$6876.00,$866.00,$1309.00,$576.00,$323.00,,
"74-30 Commonwealth Blvd [P.S.208Q]
",Total Usage (mmBTUs),$484.26,$691.46,$671.28,$405.81,$741.59,$1483.86,$1640.09,$1644.86,$1406.46,$742.66,$693.34,$792.49,$738.13,$899.69,$497.90,$554.38,$760.02,$1266.68,$1470.86,$1518.01,$1159.14,$416.47,$611.92,$855.63,$925.13,$814.85,$744.57,$617.18,$735.68,$1549.74,$1631.88,$1424.49,$936.56,$574.29,$531.14,$741.98,$696.69,$649.96,$592.07,$490.38,$590.51,$760.63,$1400.44,$1162.69,$397.86,$410.76,$427.57,$626.16,,
"715 Ocean Ter [The Michael J. Petrides School]
",Electricity Demand (KW),$999.20,$993.60,$1067.20,$895.00,$731.00,$746.60,$721.80,$779.80,$734.20,$748.00,$764.60,$963.80,$898.80,$1017.80,$1038.40,$897.80,$706.80,$728.60,$690.40,$691.20,$721.40,$631.20,$435.28,$1092.44,$1067.32,$1057.48,$1069.76,$971.16,$694.92,$730.96,$723.76,$752.08,$725.40,$700.36,$836.16,$1113.24,$991.00,$920.40,$1088.20,$736.12,$726.48,$736.56,$713.52,$685.36,$662.40,$605.28,$664.00,$980.88,,
"715 Ocean Ter [The Michael J. Petrides School]
",Electricity Usage (KWH),$338380.00,$327820.00,$326440.00,$248120.00,$334120.00,$413620.00,$423620.00,$399840.00,$418140.00,$280240.00,$257260.00,$288100.00,$333720.00,$348040.00,$308960.00,$258520.00,$288380.00,$416200.00,$391780.00,$399080.00,$363820.00,$224980.00,$227360.00,$357440.00,$386220.00,$369420.00,$309600.00,$279060.00,$269340.00,$417340.00,$390860.00,$420820.00,$397860.00,$279220.00,$243620.00,$370520.00,$345740.00,$319220.00,$331940.00,$234320.00,$326340.00,$417660.00,$370740.00,$354280.00,$287260.00,$224720.00,$227760.00,$324860.00,,
"715 Ocean Ter [The Michael J. Petrides School]
",Gas (Therms),$12701.00,$13818.00,$10209.00,$6124.00,$25030.00,$48902.00,$41774.00,$44432.00,$39802.00,$17854.00,$2130.00,$4018.00,$5800.00,$12057.00,$3150.00,$7345.00,$12039.00,$52636.00,$51454.00,$55732.00,$30858.00,$9611.00,$7728.00,$5345.00,$12746.00,$11946.00,$11254.00,$3764.00,$14238.00,$41770.00,$55407.00,$40959.00,$36384.00,$22740.00,$2551.00,$9336.00,$9325.00,$12266.00,$2723.00,$1495.00,$19945.00,$26371.00,$47155.00,$38712.00,$22003.00,$5209.00,$2978.00,$7703.00,,
"715 Ocean Ter [The Michael J. Petrides School]
",Total Usage (mmBTUs),$2424.98,$2500.64,$2135.03,$1459.23,$3643.34,$6301.87,$5623.20,$5807.84,$5407.30,$2741.85,$1091.02,$1385.08,$1718.98,$2393.55,$1369.47,$1616.82,$2188.13,$6684.08,$6482.53,$6935.25,$4327.51,$1728.95,$1548.77,$1754.43,$2592.76,$2455.42,$2182.06,$1328.82,$2343.05,$5601.37,$6874.69,$5532.15,$4996.28,$3226.97,$1086.57,$2198.17,$2112.50,$2316.09,$1405.20,$949.23,$3108.29,$4062.56,$5980.82,$5080.35,$3180.71,$1287.86,$1075.14,$1879.04,,
"1300 Boynton Ave [James Monroe High School]
",Electricity Demand (KW),$328.00,$288.00,$364.00,$332.00,$344.00,$312.00,$312.00,$324.00,$304.00,$328.00,$344.00,$292.00,$888.00,$876.00,$1072.00,$1008.00,$1016.00,$1012.00,$992.00,$924.00,$920.00,$900.00,$896.00,$952.48,$1115.84,$995.84,$1006.08,$1036.80,$1009.44,$1008.48,$764.16,$813.60,$805.92,$815.52,$858.24,$1115.20,$1025.44,$970.56,$1003.84,$1001.28,$864.64,$819.52,$779.52,$693.28,$807.04,$831.04,$822.72,$1161.92,,
"1300 Boynton Ave [James Monroe High School]
",Electricity Usage (KWH),$145200.00,$146000.00,$131200.00,$108800.00,$138800.00,$202000.00,$202000.00,$34000.00,$131600.00,$106400.00,$116400.00,$108800.00,$363200.00,$415600.00,$406800.00,$416400.00,$386800.00,$439200.00,$289200.00,$398800.00,$364800.00,$322800.00,$338400.00,$422800.00,$502800.00,$420800.00,$405600.00,$390000.00,$363600.00,$430000.00,$368400.00,$316400.00,$336800.00,$308400.00,$296800.00,$379600.00,$369200.00,$337200.00,$354000.00,$277600.00,$309200.00,$297600.00,$292400.00,$299600.00,$292800.00,$267600.00,$299200.00,$386000.00,,
"1300 Boynton Ave [James Monroe High School]
",Gas (Therms),$225.00,$207.00,$411.00,$446.00,$512.00,$884.00,$198.00,$490.00,$624.00,$450.00,$655.00,$505.00,$49.00,$509.00,$6183.00,$6797.00,$6156.00,$7287.00,$6816.00,$8208.00,$8835.00,$6197.00,$2116.00,$822.00,$559.00,$419.00,$839.00,$3344.00,$11752.00,$13900.00,$12366.00,$13015.00,$9293.00,$7023.00,$2126.00,$925.00,$536.00,$493.00,$845.00,$1089.00,$4320.00,$7047.00,$9881.00,$8510.00,$5187.00,$3507.00,$1893.00,$957.00,,
"1300 Boynton Ave [James Monroe High School]
",Gas Cost ($),$435.11,$371.81,$640.41,$726.02,$910.25,$1493.05,$335.92,$733.23,$978.35,$569.74,$777.09,$587.92,$88.61,$707.89,$7471.46,$7975.74,$8524.42,$9942.84,$9358.35,$10459.81,$11448.89,$7962.19,$2725.99,$1077.59,$794.77,$618.70,$1152.37,$4499.04,$13226.25,$15057.50,$13849.70,$15713.59,$10662.52,$7944.97,$2635.98,$1086.72,$672.32,$623.62,$1008.17,$1243.76,$4964.00,$8469.88,$10632.23,$9276.93,$6293.78,$3559.25,$1668.43,$909.36,,
"1300 Boynton Ave [James Monroe High School]
",Total Usage (mmBTUs),$518.06,$518.99,$488.88,$415.93,$524.92,$777.82,$709.22,$165.04,$511.55,$408.14,$462.77,$421.83,$1244.49,$1469.33,$2006.70,$2100.86,$1935.74,$2227.68,$1668.63,$2181.89,$2128.55,$1721.41,$1366.55,$1525.20,$1771.94,$1478.08,$1468.20,$1665.46,$2416.16,$2857.58,$2493.94,$2381.36,$2078.79,$1754.86,$1225.57,$1388.06,$1313.67,$1200.15,$1292.69,$1056.34,$1487.29,$1720.40,$1986.05,$1873.53,$1518.02,$1264.01,$1210.46,$1413.11,,
"1716 Southern Blvd [MS / High School 270]
",Electricity Demand (KW),$424.00,$424.00,$368.00,$368.00,$348.00,$296.00,$296.00,$296.00,$276.00,$380.00,$380.00,$384.00,$384.00,$380.00,$392.00,$392.00,$368.00,$308.00,$308.00,$276.00,$276.00,$384.00,$364.00,$416.00,$416.00,$392.00,$368.00,$372.00,$352.00,$292.00,$292.00,$292.00,$324.00,$296.00,$340.00,$372.00,$368.00,$364.00,$364.00,$356.00,$280.00,$292.00,$304.00,$272.00,$340.00,$336.00,$356.00,$392.00,,
"1716 Southern Blvd [MS / High School 270]
",Electricity Usage (KWH),$160800.00,$162000.00,$156400.00,$116000.00,$112800.00,$124000.00,$124400.00,$112400.00,$135600.00,$133600.00,$167600.00,$156800.00,$224400.00,$211200.00,$172400.00,$162400.00,$141600.00,$172400.00,$147200.00,$142800.00,$126000.00,$128000.00,$122000.00,$128800.00,$142400.00,$181200.00,$127200.00,$126800.00,$109600.00,$145600.00,$124000.00,$133200.00,$120000.00,$108400.00,$103200.00,$136800.00,$134000.00,$116800.00,$130000.00,$106400.00,$106800.00,$108000.00,$120000.00,$118800.00,$106800.00,$95600.00,$114400.00,$130800.00,,
"1716 Southern Blvd [MS / High School 270]
",Gas (Therms),$538.00,$610.00,$632.00,$1029.00,$769.00,$3345.00,$1844.00,$2270.00,$1173.00,$1010.00,$466.00,$384.00,$642.00,$839.00,$1282.00,$489.00,$0.00,$4133.00,$5748.00,$4577.00,$2328.00,$1005.00,$407.00,$499.00,$116.00,$65.00,$109.00,$188.00,$924.00,$2123.00,$2952.00,$3887.00,$1349.00,$921.00,$930.00,$470.00,$248.00,$65.00,$504.00,$215.00,$695.00,$1354.00,$2016.00,$1533.00,$640.00,$318.00,$269.00,$221.00,,
"1716 Southern Blvd [MS / High School 270]
",Total Usage (mmBTUs),$602.61,$613.90,$596.99,$498.80,$461.88,$757.71,$608.97,$610.62,$580.10,$556.97,$618.61,$573.55,$830.07,$804.72,$716.60,$603.17,$483.28,$1001.70,$1077.19,$945.07,$662.83,$537.36,$457.08,$489.49,$497.61,$624.93,$445.03,$451.56,$466.46,$709.23,$718.41,$843.31,$544.46,$462.07,$445.22,$513.89,$482.14,$405.13,$494.09,$384.64,$434.01,$504.00,$611.16,$558.76,$428.51,$358.08,$417.34,$468.52,,
